Title,Latest Chapter,Dated Released,depth,Link,Genre,Status,Rating
Changan Fantasy,Chapter 89,"Aug 27,20",2,https://manganelo.com/manga/cz921069,"Fantasy,Mystery,Romance,Manhwa",Ongoing,4.73
I'm Not The Overlord!,Chapter 14,"Aug 27,20",2,https://manganelo.com/manga/ul923228,"Action,Comedy,Fantasy",Ongoing,4.29
"Kumo Desu Ga, Nani Ka? Daily Life Of The Four Spider Sisters",Chapter 26,"Aug 27,20",2,https://manganelo.com/manga/ix923063,"Action,Adventure,Comedy,Fantasy",Ongoing,4.21
Elskar,Chapter 47,"Aug 27,20",2,https://manganelo.com/manga/rk919948,"Action,Adventure,Comedy,Drama,Fantasy,Seinen,Slice of life,Isekai",Ongoing,4.38
"Ingrid, The White Deer",Chapter 19,"Aug 27,20",2,https://manganelo.com/manga/vo921524,"Fantasy,Romance,Shoujo,Supernatural,Webtoons",Ongoing,4.67
Mejaz - Regulus In The World,Chapter 34,"Aug 27,20",2,https://manganelo.com/manga/qk922463,"Fantasy,Historical,Josei,Romance,Webtoons",Ongoing,4.39
Rebirth Of The Urban Immortal Cultivator,Chapter 30.3: Leaving Home,"Aug 27,20",2,https://manganelo.com/manga/sg919376,"Fantasy,Historical,Romance,Shoujo",Ongoing,4.65
Urgent Request: How To Raise An Abandoned Dragon,Chapter 458,"Aug 27,20",2,https://manganelo.com/manga/gd920457,"Action,Adventure,Fantasy,Martial arts,Seinen,Slice of life,Supernatural",Ongoing,4.35
The Terrarium With Key,Chapter 5,"Aug 27,20",2,https://manganelo.com/manga/pl921122,"Fantasy,Romance,Shounen,Slice of life",Ongoing,4.86
Empress's Harem,Vol.2 Chapter 6: Rainforest 2,"Aug 27,20",2,https://manganelo.com/manga/pw921850,Sci fi,Ongoing,4.46
Douluo Dalu Ii - Jueshui Tangmen,Chapter 90,"Aug 27,20",2,https://manganelo.com/manga/le922040,"Drama,Romance",Ongoing,4.59
Masamune-Kun's Reâ—‹â—‹â—‹,Chapter 223,"Aug 27,20",2,https://manganelo.com/manga/douluo_dalu_ii_jueshui_tangmen,"Action,Fantasy,Martial arts,Shounen,Supernatural,Manhua",Ongoing,4.76
Vengeance Of The Heavenly Demon,Chapter 8: Masamune-Kun's Reset,"Aug 27,20",2,https://manganelo.com/manga/rq918471,"Comedy,School life,Shounen,Slice of life",Ongoing,3.72
"Isekai De Cheat Skill Wo Te Ni Shita Ore Wa, Genjitsu Sekai Wo Mo Musou Suru ~Level Up Wa Jinsei Wo Kaeta~",Chapter 34,"Aug 27,20",2,https://manganelo.com/manga/ac919713,"Adventure,Fantasy,Martial arts,Seinen,Supernatural",Ongoing,3.76
Infinite Apostles And Twelve War Girls,Chapter 6: Ousai Academy,"Aug 27,20",2,https://manganelo.com/manga/sd921752,"Action,Adventure,Fantasy",Ongoing,4.81
"Kumo Desu Ga, Nani Ka?",Chapter 41,"Aug 27,20",2,https://manganelo.com/manga/ld922127,"Action,Adventure,Fantasy",Ongoing,4.63
The Rise Of The Unemployed Wise Man,Chapter 46.1,"Aug 27,20",2,https://manganelo.com/manga/kumo_desu_ga_nani_ka,"Action,Adventure,Comedy,Drama,Fantasy,Seinen,Supernatural",Ongoing,4.82
Akebi-Chan No Sailor Fuku,Chapter 10,"Aug 27,20",2,https://manganelo.com/manga/ur923338,"Action,Adventure,Comedy,Fantasy",Ongoing,4.67
Sorcerer Maiden,Vol.6 Chapter 34: Everything I Would Like To Do,"Aug 27,20",2,https://manganelo.com/manga/akebichan_no_sailor_fuku,"Comedy,Ecchi,School life,Seinen",Ongoing,4.57
29-Sai Hitorimi Chuuken Boukensha No Nichijou,Chapter 35: Feelings,"Aug 27,20",2,https://manganelo.com/manga/sorcerer_maiden,"Drama,Fantasy,Historical,Romance,Shoujo,Shounen,Manhua",Ongoing,4.39
The Vengeful White Cat Lounging On The Dragon King's Lap,Chapter 26: Through The Storm,"Aug 27,20",2,https://manganelo.com/manga/29sai_hitorimi_chuuken_boukensha_no_nichijou,"Adventure,Fantasy,Shounen",Ongoing,4.79
Golden Time,Chapter 18.2,"Aug 27,20",2,https://manganelo.com/manga/mf919129,"Adventure,Comedy,Drama,Fantasy,Romance,Shoujo,Slice of life",Ongoing,4.84
Kingdom Of The Queen,Chapter 11,"Aug 27,20",2,https://manganelo.com/manga/tp921640,"Drama,Historical,Romance,Tragedy,Webtoons",Ongoing,4.81
Parallel Paradise,Chapter 57,"Aug 27,20",3,https://manganelo.com/manga/tk921959,"Drama,Fantasy,Historical",Ongoing,4.43
Meng Shi Zai Shang,Vol.11 Chapter 109: Silver Armor / Iron Curse,"Aug 27,20",2,https://manganelo.com/manga/parallel_paradise,"Action,Adventure,Ecchi,Fantasy,Seinen",Ongoing,4.49
Iris - Lady With A Smartphone,Chapter 175: When Ye Chen Yuan Bumps Into Mu Qing Han,"Aug 27,20",3,https://manganelo.com/manga/bw918450,"Action,Comedy,Fantasy,Martial arts,Romance",Ongoing,4.73
Monster Bar,Chapter 83,"Aug 27,20",3,https://manganelo.com/manga/bq919100,"Romance,Shoujo",Ongoing,4.75
They Say I Was Born A King's Daughter,Chapter 41: A Parent's Love 5,"Aug 27,20",3,https://manganelo.com/manga/ef923362,"Action,Adventure,Fantasy,Slice of life,Supernatural,Webtoons",Ongoing,4.49
The Dukeâ€™S Servant,Chapter 201,"Aug 27,20",3,https://manganelo.com/manga/cs917942,"Comedy,Drama,Fantasy,Josei,Romance,Shoujo,Webtoons",Ongoing,4.61
The Child Of Light,Chapter 93,"Aug 27,20",3,https://manganelo.com/manga/xo923559,"Comedy,Fantasy,Gender bender,Historical,Josei,Romance,Webtoons",Ongoing,4.5
Bound To You,Chapter 30,"Aug 27,20",3,https://manganelo.com/manga/jn919411,"Action,Adventure,Comedy,Drama,Fantasy,Martial arts,Shounen,Webtoons",,4.7
Devilâ€™S Exclusive Sweetheart,Chapter 75,"Aug 27,20",3,https://manganelo.com/manga/ko921706,"Romance,Webtoons",Ongoing,4.24
Isekai Monster Breeder,Chapter 19,"Aug 27,20",3,https://manganelo.com/manga/me923786,"Comedy,Romance,Shoujo",Ongoing,3.65
The Naive Mr. Lu,Chapter 8,"Aug 27,20",3,https://manganelo.com/manga/wt922813,"Comedy,Fantasy",Ongoing,4.56
Tian Lun,Chapter 156,"Aug 27,20",3,https://manganelo.com/manga/yq921739,"Drama,Romance",Ongoing,4.68
Daughter's Friend,Chapter 9: Wang Yu Ting,"Aug 27,20",3,https://manganelo.com/manga/nw923562,"Action,Adventure",Ongoing,4.66
Martial Master,Vol.6 Chapter 49: Deviant,"Aug 27,20",3,https://manganelo.com/manga/wp920460,"Comedy,Drama,Ecchi,Mature,Psychological,School life,Seinen,Slice of life",Ongoing,4.61
Mimibukuro-San No Chiebukuro,Chapter 361: Stop It!,"Aug 27,20",3,https://manganelo.com/manga/mq918999,"Action,Fantasy",Ongoing,4.51
Under Prin,Chapter 4: A Location Game Of Love,"Aug 27,20",3,https://manganelo.com/manga/qj923588,"Comedy,Ecchi,Romance,School life,Seinen,Slice of life,Smut",Ongoing,4.75
"His Favorite Idol Moves In Next Door, The Romcom",Chapter 326: Ep. 326 (Last Episode),"Aug 27,20",3,https://manganelo.com/manga/under_prin,"Action,Comedy,Drama,Fantasy,Josei,Mystery,Supernatural,Webtoons,Manhwa",Ongoing,3.86
Hoshihimemura No Naishobanashi,Chapter 70,"Aug 27,20",3,https://manganelo.com/manga/pw918486,"Comedy,Romance",Ongoing,4
Libidors,Vol.5 Chapter 27: Together With Everyone,"Aug 27,20",3,https://manganelo.com/manga/ro920856,"Adult,Comedy,Ecchi,Harem,Mature,Romance,School life,Seinen,Slice of life",Ongoing,4.45
"I, Who Blocked The Demon Kingâ€™S Ultimate Attack, Ended Up As The Little Heroâ€™S Nanny!",Vol.5 Chapter 41: A Taste Of Things To Come.,"Aug 27,20",3,https://manganelo.com/manga/xs919640,"Action,Drama,Horror,Mystery,Seinen,Supernatural",Ongoing,4.34
Martial Peak,Chapter 1,"Aug 27,20",3,https://manganelo.com/manga/xf923896,"Action,Adventure,Comedy,Fantasy",Ongoing,4.44
Saikyou No Shokugyou Wa Yuusha Demo Kenja Demo Naku Kanteishi (Kari) Rashii Desu Yo?,Chapter 653: Because I Have A Conflagrated Knowledge Sea!,"Aug 27,20",3,https://manganelo.com/manga/martial_peak,"Action,Adventure,Fantasy,Historical,Martial arts",Ongoing,4.69
A Witch's Hopeless Wish,Chapter 25,"Aug 27,20",4,https://manganelo.com/manga/saikyou_no_shokugyou_wa_yuusha_demo_kenja_demo_naku_kanteishi_kari_rashii_desu_yo,"Adventure,Comedy,Fantasy,Romance,Shounen",Ongoing,4.63
Jungle Wa Itsumo Hale Nochi Guu,Chapter 56,"Aug 27,20",4,https://manganelo.com/manga/ch920925,"Drama,Historical,Josei,Mystery,Romance,Shoujo,Webtoons",Ongoing,4.76
Fate/extra Ccc - Foxtail,Chapter 80,"Aug 27,20",4,https://manganelo.com/manga/jungle_wa_itsumo_hale_nochi_guu,"Comedy,Shounen",Ongoing - No Set Relea,4.68
Skull Man (Shimamoto Kazuhiko),Chapter 61: Comeback 3,"Aug 27,20",4,https://manganelo.com/manga/fateextra_ccc_foxtail,"Action,Drama,Fantasy,Shounen,Supernatural",Ongoing,4.61
Hero: Akagi No Ishi Wo Tsugu Otoko,Chapter 50: Prologue For Days Of Long War [End],"Aug 27,20",4,https://manganelo.com/manga/jn923807,"Action,Drama,Horror,Mystery,Psychological,Sci fi,Seinen,Supernatural,Tragedy",Ongoing,3.83
Sensei De â—‹â—‹ Shicha Ikemasen!,Chapter 39: Promise,"Aug 27,20",4,https://manganelo.com/manga/hero_akagi_no_ishi_wo_tsugu_otoko,"Drama,Psychological,Seinen,Sports",Ongoing,4.17
The Cuckoo's Fiancee,Vol.2 Chapter 10.1: Asking A Medical Professional,"Aug 27,20",4,https://manganelo.com/manga/dz922544,"Comedy,Ecchi,Romance,School life,Shounen,Slice of life",Ongoing,4.39
Monster No Goshujin-Sama (Novel),Chapter 29: It Doesnâ€™T Change Your Value As A Person!,"Aug 27,20",4,https://manganelo.com/manga/do922155,"Comedy,Harem,Romance,School life,Shounen",Ongoing,4.71
Fate/kaleid Liner Prismaâ˜†Illya 3Rei!!,Chapter 20,"Aug 27,20",4,https://manganelo.com/manga/monster_no_goshujinsama_novel,"Action,Adventure,Drama,Fantasy,Harem,Mature,Romance,Seinen",Ongoing,4.38
Remake Our Life!,Chapter 58.2,"Aug 27,20",4,https://manganelo.com/manga/xe918439,"Action,Comedy,Fantasy",Ongoing,4.79
Waafuri World,Vol.2 Chapter 8.1: The Most Important Thing In The Production Work,"Aug 27,20",4,https://manganelo.com/manga/aq917898,"Comedy,Romance,School life,Shounen,Slice of life",Ongoing,4.7
Change The World (Kanzaki Yuuya),Chapter 50: Suzuka's Debut,"Aug 27,20",4,https://manganelo.com/manga/iv922922,"Adventure,Comedy,Fantasy",Ongoing,4.56
Spicy Female Boss,Vol.5 Chapter 25: Change The World,"Aug 27,20",4,https://manganelo.com/manga/change_the_world_kanzaki_yuuya,"Drama,Seinen",Ongoing,4.54
Spring River Flowers And Moonlight,Chapter 25,"Aug 27,20",4,https://manganelo.com/manga/ie923230,"Comedy,Drama,Romance,Webtoons",Ongoing,4.18
Slave B,Chapter 8,"Aug 27,20",4,https://manganelo.com/manga/qj923294,"Adventure,Historical,Mystery,Romance,Shounen ai,Webtoons",Ongoing,3.66
"I Want To Be You, Just For A Day",Chapter 38,"Aug 27,20",4,https://manganelo.com/manga/vf922819,"Action,Adventure,Fantasy,Shounen,Webtoons,Manhwa",Ongoing,4.52
Deep Sea Aquarium Magmell,Chapter 35,"Aug 27,20",5,https://manganelo.com/manga/eu921109,"Fantasy,Historical,Mystery,Psychological,Romance",Ongoing,4.74
It's Not Easy To Be A Man After Traveling To The Future,Chapter 4.5: Deep Sea Jellyfish,"Aug 27,20",4,https://manganelo.com/manga/vs923837,"Mystery,Romance,Seinen,Slice of life",Ongoing,4.81
Forced To Become The Villainâ€™S Son-In-Law,Chapter 31,"Aug 27,20",5,https://manganelo.com/manga/fw922746,"Action,Adventure,Mecha,Sci fi",Ongoing,4.45
Night Bookstore,Chapter 8,"Aug 27,20",4,https://manganelo.com/manga/rg923789,"Action,Adventure,Fantasy",Ongoing,4.62
Oh No! Iâ€™Ve Swapped Bodies With An Anti-Fan,Chapter 62,"Aug 27,20",5,https://manganelo.com/manga/uc922559,"Adventure,Comedy,Drama,Fantasy,Martial arts,Shoujo",Ongoing,4.44
The Duchess' 50 Tea Recipes,Chapter 31,"Aug 27,20",5,https://manganelo.com/manga/at919446,"Romance,Shoujo,Webtoons",Ongoing,4.29
Collecting The Divine,Chapter 68,"Aug 27,20",5,https://manganelo.com/manga/ug919900,"Romance,Webtoons,Isekai",Ongoing,4.89
Immortal Demon Dad,Chapter 103,"Aug 27,20",5,https://manganelo.com/manga/hd919620,"Action,Historical,Shounen",Ongoing,4.53
I Have Nine Female Disciples,Chapter 33,"Aug 27,20",5,https://manganelo.com/manga/ef922956,"Action,Comedy",Ongoing,4.41
Together With Shinsun,Chapter 42,"Aug 27,20",5,https://manganelo.com/manga/an923112,"Action,Comedy,Fantasy,Harem,Romance,Supernatural,Webtoons",Ongoing,4.41
Donâ€™T Call Me Lady!,Chapter 5,"Aug 27,20",5,https://manganelo.com/manga/yn923556,"Adventure,Comedy,Drama,Fantasy,Mystery,Romance",Ongoing,4.68
A Village Protected By A Dragon,Chapter 2,"Aug 27,20",5,https://manganelo.com/manga/ef923820,"Fantasy,Romance",Ongoing,4.27
The Flower Of Vampires,Chapter 12,"Aug 27,20",5,https://manganelo.com/manga/ba923282,"Fantasy,Romance,Shoujo ai,Slice of life,Webtoons",Ongoing,4.36
Shen Yi Di Nu,Chapter 9,"Aug 27,20",5,https://manganelo.com/manga/fl922202,"Drama,Fantasy,Romance",Ongoing,4.59
Above All Gods,Chapter 320.5,"Aug 27,20",5,https://manganelo.com/manga/shen_yi_di_nu,"Fantasy,Historical,Romance,Shoujo",Ongoing,4.71
Ao Ashi,Chapter 129.5,"Aug 27,20",5,https://manganelo.com/manga/xn921310,"Action,Adventure,Fantasy,Manhua",Ongoing,4.67
Ishuzoku Reviewers,Vol.10 Chapter 103: High Line Net,"Aug 27,20",5,https://manganelo.com/manga/pt917865,"School life,Seinen,Sports",Ongoing,4.56
Solo Leveling,Vol.5 Chapter 43,"Aug 27,20",5,https://manganelo.com/manga/ishuzoku_reviewers,"Comedy,Ecchi,Fantasy",Completed,4.55
Ingoshima,Vol.2 Chapter 116,"Aug 27,20",5,https://manganelo.com/manga/pn918005,"Action,Adventure,Fantasy,Shounen,Webtoons",,4.96
Fate/type Redline,Chapter 108: Apocalyptical Rivalry,"Aug 27,20",5,https://manganelo.com/manga/sz919450,"Drama,Ecchi,Horror,Seinen,Smut",Ongoing,3.62
A Wicked Beast,Vol.2 Chapter 6.2,"Aug 27,20",5,https://manganelo.com/manga/az921514,"Action,Fantasy,Shounen,Supernatural",Ongoing,4.84
Suicide Boy,Chapter 9,"Aug 27,20",5,https://manganelo.com/manga/di923753,"Mystery,Shounen ai,Yaoi",Ongoing,4.46
Shark Girl,Chapter 70: A Joyful Chusuk,"Aug 26,20",6,https://manganelo.com/manga/suicide_boy,"School life,Slice of life,Manhwa",Ongoing,4.55
Devilchi,Vol.2 Chapter 9: Fish Soaring High,"Aug 26,20",6,https://manganelo.com/manga/yz918981,"Comedy,Romance",Ongoing,4.81
Souboutei Kowasu Beshi,Chapter 49: Let Me Say This,"Aug 26,20",6,https://manganelo.com/manga/devilchi,"Comedy,Ecchi,Romance,School life,Supernatural",Ongoing,4.53
Clover Under Foot,Vol.21 Chapter 206: Aim For The Ceiling,"Aug 27,20",5,https://manganelo.com/manga/souboutei_kowasu_beshi,"Action,Adventure,Horror,Shounen,Supernatural",Ongoing,4.34
"The Hero Who Has No Class. I Don't Need Any Skills, It's Okay.",Chapter 23,"Aug 26,20",6,https://manganelo.com/manga/mu923291,"Drama,Romance,School life,Slice of life,Webtoons",Ongoing,4.78
Doomsday Girlfriend: My Backyard Leads To Doomsday,Chapter 18,"Aug 26,20",6,https://manganelo.com/manga/ra919849,"Action,Adventure,Comedy,Fantasy,Shounen",Ongoing,4.74
"I Fell In Love, So I Tried Livestreaming",Chapter 52: Just A Coincidence?,"Aug 27,20",6,https://manganelo.com/manga/fg923482,"Action,Adventure,Fantasy,Romance,Sci fi",Ongoing,4.39
Fushigi Neko No Kyuu-Chan,Chapter 36: The Rabbit's Secret,"Aug 27,20",6,https://manganelo.com/manga/cw920826,"Comedy,Ecchi,Romance,School life,Shounen,Slice of life",Ongoing,4.71
Sekirei - 365 Days Without A Girlfriend,Vol.7 Chapter 738: Cool Lights,"Aug 26,20",6,https://manganelo.com/manga/fushigi_neko_no_kyuuchan,Seinen,Ongoing,4.69
Yancha Gal No Anjou-San,Vol.1 Chapter 6: Everyone In Love Gets Along,"Aug 27,20",6,https://manganelo.com/manga/sekirei_365_days_without_a_girlfriend,"Action,Comedy,Drama,Ecchi,Harem,Romance,Seinen,Supernatural",Ongoing,4.5
Without Parallel,Vol.6 Chapter 71: Anjou-San's Hatsumode,"Aug 27,20",6,https://manganelo.com/manga/yancha_gal_no_anjousan,"Ecchi,School life,Seinen,Slice of life",Ongoing,4.71
Strongest Son In Law,Chapter 2,"Aug 27,20",6,https://manganelo.com/manga/me923322,"Martial arts,Romance,Shounen ai,Webtoons",Ongoing,4.23
God Slayer,Chapter 30,"Aug 27,20",6,https://manganelo.com/manga/hj922894,"Action,Adventure,Romance",Ongoing,4.24
The Legendary Moonlight Sculptor,Chapter 54,"Aug 27,20",6,https://manganelo.com/manga/zw922442,"Action,Fantasy,Isekai",Ongoing,3.88
The Undefeatable Swordsman,Chapter 159,"Aug 27,20",6,https://manganelo.com/manga/the_legendary_moonlight_sculptor,"Action,Adventure,Comedy,Drama,Fantasy,Martial arts,Romance,Sci fi,Seinen,Slice of life,Webtoons,Manhwa",Ongoing,4.82
Yuan Zun,Chapter 9,"Aug 27,20",6,https://manganelo.com/manga/kg923596,"Action,Adventure,Fantasy",Ongoing,4.78
The Newbie Of The Ministry Of Precious Stones,Chapter 152.5,"Aug 27,20",6,https://manganelo.com/manga/yuan_zun,"Action,Fantasy,Martial arts,Shounen",Ongoing,4.7
The Top Clan Leader In History,Chapter 5,"Aug 27,20",6,https://manganelo.com/manga/ir922826,"Adventure,Comedy,Fantasy,Slice of life",Ongoing,4.56
Show Window Couple,Chapter 130,"Aug 26,20",7,https://manganelo.com/manga/ve920465,"Adventure,Fantasy",Ongoing,4.42
God Of Martial Arts,Chapter 6,"Aug 26,20",7,https://manganelo.com/manga/yg923769,Romance,Ongoing,3.86
Peerless Refiner,Chapter 120.2: The Night Visit!,"Aug 27,20",6,https://manganelo.com/manga/huku267071576897767,"Action,Adventure,Seinen",Ongoing,4.64
What A Brutal President!,Chapter 79,"Aug 27,20",6,https://manganelo.com/manga/bk922163,"Action,Adventure,Fantasy,Historical,Romance,Shoujo,Supernatural",Ongoing,4.26
Tied To A Ceo: Bargained Cohabitation,Chapter 74,"Aug 26,20",7,https://manganelo.com/manga/en923803,"Romance,Webtoons",Ongoing,2.58
Young Master Guâ€™S Model Bride,Chapter 95,"Aug 26,20",7,https://manganelo.com/manga/kd922383,"Josei,Romance",Ongoing,3
Kagaku Chop,Chapter 74,"Aug 26,20",7,https://manganelo.com/manga/gf923873,"Romance,Webtoons",Ongoing,2.72
Social Temperature,Chapter 5: That Experiment 5: Glasses X Glasses,"Aug 26,20",7,https://manganelo.com/manga/kagaku_chop,"Comedy,School life,Sci fi,Seinen,Slice of life",Ongoing,5
The Sunshine Powerhouse,Chapter 16,"Aug 26,20",7,https://manganelo.com/manga/iw923111,"School life,Shounen ai,Webtoons",Ongoing,4.45
Itâ€™S Not Easy To Bully My Mother,Chapter 3,"Aug 26,20",7,https://manganelo.com/manga/ew923270,"Comedy,Drama,Romance,School life,Slice of life,Webtoons",Ongoing,4.5
To Be Winner,Chapter 9,"Aug 26,20",7,https://manganelo.com/manga/nj923889,"Comedy,Fantasy,Mystery,Romance,Shoujo",Ongoing,4.32
Evil Match,Chapter 37: The Truth,"Aug 26,20",7,https://manganelo.com/manga/ih917864,"Romance,School life,Shoujo,Slice of life,Webtoons",Ongoing,4.71
Anagura Amelie,Chapter 75,"Aug 26,20",7,https://manganelo.com/manga/yp921778,"Romance,Tragedy,Webtoons",Ongoing,4.39
Team Medical Dragon,Chapter 12,"Aug 26,20",7,https://manganelo.com/manga/anagura_amelie,,Updating,4.66
Yuanlong,Chapter 166: After The Fight,"Aug 26,20",7,https://manganelo.com/manga/team_medical_dragon,"Drama,Mature,Medical,Psychological,Seinen,Slice of life",Ongoing,4.65
Treasure- Demon's Museum,Chapter 74,"Aug 26,20",7,https://manganelo.com/manga/jk922983,"Adventure,Fantasy,Webtoons",Ongoing,4.48
Return Of Immortal Emperor,Chapter 29,"Aug 26,20",7,https://manganelo.com/manga/ee923350,"Fantasy,Romance,Webtoons",Ongoing,4.07
Master Of Legendary Realms,Chapter 76,"Aug 26,20",7,https://manganelo.com/manga/fe921218,"Action,Adventure,Fantasy,Shounen,Webtoons",Ongoing,4.6
"Your Highness, Please Donâ€™T Be A Demon",Chapter 257,"Aug 26,20",7,https://manganelo.com/manga/zl919985,"Action,Fantasy,Manhua",Ongoing,4.66
Emperor Lingtian,Chapter 9,"Aug 26,20",7,https://manganelo.com/manga/jx923097,"Drama,Historical,Romance,Shounen ai,Webtoons,Yaoi",Ongoing,4.54
The Great Deity,Chapter 33: Blood Shadow Knife,"Aug 26,20",7,https://manganelo.com/manga/kd921411,"Action,Adventure,Fantasy,Martial arts,Manhua",Ongoing,4.77
Stairway Of Time,Chapter 158,"Aug 26,20",7,https://manganelo.com/manga/bf920746,"Action,Adventure,Martial arts,Webtoons",,4.51
Age Matters,Chapter 9,"Aug 26,20",7,https://manganelo.com/manga/cp921383,"Adventure,Drama,Fantasy,Romance,School life,Tragedy,Webtoons",Ongoing,4.57
Maou-Jou De Oyasumi,Chapter 101,"Aug 26,20",7,https://manganelo.com/manga/gh917799,"Comedy,Romance,Webtoons",Ongoing,4.13
Me And Four Mr.gu,Vol.12 Chapter 159: Bewitched By The Pandangels...,"Aug 26,20",7,https://manganelo.com/manga/ccwc205681561861656,"Comedy,Fantasy,Shounen",Ongoing,4.81
Born Beauty,Chapter 49,"Aug 26,20",8,https://manganelo.com/manga/me_and_four_mrgu,"Comedy,Drama,Romance,Webtoons,Manhua",Ongoing,4.61
A Lazy Guy Woke Up As A Girl One Morning,Chapter 11,"Aug 26,20",8,https://manganelo.com/manga/rx921721,"Drama,Romance,School life,Shoujo,Manhua",Ongoing,4.52
Pamper My Fiancee ( Fate And Contract Wife ),"Chapter 15.2: An ""if"" Story Only In Volume 2","Aug 26,20",8,https://manganelo.com/manga/tk920155,"Comedy,Gender bender,School life",Ongoing,4.61
Genius Cool Treasure: President's Wife Is Too Powerful,Chapter 40,"Aug 26,20",8,https://manganelo.com/manga/qb923602,"Comedy,Romance,Shoujo",Ongoing,4.15
Time Travel: The Mighty Crown Princess,Chapter 60,"Aug 26,20",8,https://manganelo.com/manga/ha921861,"Drama,Romance,Webtoons",,3.59
The Struggle Of A 0 Love Flag Girl,Chapter 110,"Aug 26,20",8,https://manganelo.com/manga/fk922390,"Romance,Shoujo,Webtoons",Ongoing,4.26
"No Way, My Best Actress Wife",Chapter 95,"Aug 26,20",8,https://manganelo.com/manga/qt922182,"Comedy,Romance",Ongoing,4.49
"Hug Me, Bossy Ceo",Chapter 122,"Aug 26,20",8,https://manganelo.com/manga/xv921939,"Romance,Webtoons",Ongoing,4.16
Wu Ling (Martial Spirit) Sword Master,Chapter 91,"Aug 26,20",8,https://manganelo.com/manga/jj923266,"Romance,Webtoons",Ongoing,3.41
Beyond The Mountains And The Sea,Chapter 42: Promise,"Aug 26,20",8,https://manganelo.com/manga/tf923257,"Action,Adventure,Fantasy,Martial arts,Supernatural,Webtoons",Ongoing,4.48
Hajimete No Gal,Chapter 8: The Test,"Aug 26,20",8,https://manganelo.com/manga/mx917775,"Adventure,Gender bender,Romance,Webtoons",,4.32
The Expensive Ex-Wife Of A Wealthy Family,Vol.11 Chapter 107: The First Depression,"Aug 26,20",8,https://manganelo.com/manga/yzay20308213218974,"Comedy,Ecchi,Romance,School life,Shounen",Ongoing,4.6
"Free Me Now, Cold Boss",Chapter 582,"Aug 26,20",8,https://manganelo.com/manga/zs918895,"Drama,Josei,Romance,Smut",Ongoing,4.23
Neko Ga Nishi Mukya,Chapter 86,"Aug 26,20",8,https://manganelo.com/manga/qh921750,"Romance,Webtoons",Ongoing,3.89
The Mute Girl And Her New Friend,Vol.3 Chapter 16: The Tail Can't Go Home.,"Aug 26,20",8,https://manganelo.com/manga/neko_ga_nishi_mukya,"Fantasy,Seinen,Slice of life,Supernatural",Ongoing,4.72
Goblin Slayer: Side Story Year One,Vol.1 Chapter 10: Mashiro-Chan's Friends,"Aug 26,20",8,https://manganelo.com/manga/da921395,"Comedy,School life,Slice of life,Supernatural",Ongoing,4.87
The Antagonistic Goddess Attacks,Chapter 43.5,"Aug 26,20",8,https://manganelo.com/manga/dhox263071555134154,"Action,Adventure,Drama,Fantasy,Mature,Seinen",Ongoing,4.77
My Great Life After Rebirth,Chapter 5: Cheap Brother's A Little Put-Out,"Aug 26,20",8,https://manganelo.com/manga/lr923625,"Adventure,Fantasy,Romance",Ongoing,4.71
Tensei Reijou Wa Shomin No Aji Ni Uete Iru,Chapter 95,"Aug 26,20",8,https://manganelo.com/manga/ts922904,"Comedy,Romance",Ongoing,4.4
The Reason Why Raeliana Ended Up At The Dukeâ€™S Mansion,Chapter 4,"Aug 26,20",8,https://manganelo.com/manga/yf923666,"Comedy,Cooking,Shoujo",Ongoing,4.85
Saikyou No Shuzoku Ga Ningen Datta Ken,Chapter 130,"Aug 26,20",8,https://manganelo.com/manga/pl920999,"Comedy,Fantasy,Mystery,Romance,Shoujo,Manhwa,Isekai",Ongoing,4.83
Girls & Panzer - Ribbon No Musha,Chapter 40,"Aug 26,20",9,https://manganelo.com/manga/saikyou_no_shuzoku_ga_ningen_datta_ken,"Action,Adventure,Comedy,Ecchi,Fantasy,Harem,Romance,Seinen",Ongoing,4.57
Tondemo Skill De Isekai Hourou Meshi: Sui No Daibouken,Vol.14 Chapter 55: Infiltrating The Ooarai Girls' Academy Ship (Part 3),"Aug 26,20",8,https://manganelo.com/manga/girls_panzer_ribbon_no_musha,"Action,Adult,Cooking,Seinen,Sports",Ongoing,4.71
The Death Mage Who Doesn't Want A Fourth Time,"Chapter 15: First Time In Town, First Friend Ever Part 3","Aug 26,20",9,https://manganelo.com/manga/wt919527,"Action,Adventure,Comedy,Fantasy,Shounen",Ongoing,4.75
Soukyuu No Ariadne,Chapter 19,"Aug 26,20",9,https://manganelo.com/manga/the_death_mage_who_doesnt_want_a_fourth_time,"Action,Adventure,Drama,Ecchi,Fantasy,Harem,Shounen,Tragedy",Ongoing,4.8
Kami-Yome,Chapter 111: Synchronicity,"Aug 26,20",9,https://manganelo.com/manga/soukyuu_no_ariadne,"Action,Adventure,Comedy,Drama,Sci fi,Shounen",Ongoing,4.71
Kaettekita Motoyuusha,Chapter 4: Wedding Rebellion,"Aug 26,20",9,https://manganelo.com/manga/on923503,"Romance,School life,Shounen,Slice of life,Supernatural,Tragedy",Ongoing,4.78
Project Shade,Chapter 3.2,"Aug 26,20",9,https://manganelo.com/manga/gl921949,"Action,Adventure,Comedy,Ecchi,Fantasy,Harem,Romance,Shounen",Ongoing,4.36
Cursed Princess And Her Immortal Servant,Chapter 16: Breaking Point,"Aug 26,20",9,https://manganelo.com/manga/nk918376,"Action,Drama,Horror,Mystery,Psychological,Seinen,Tragedy",Ongoing,4.45
Potion-Danomi De Ikinobimasu!,Chapter 3: At The Deep Bottom Of The Spring,"Aug 26,20",9,https://manganelo.com/manga/yz920106,"Action,Adult,Comedy,Fantasy,Horror,Shounen,Supernatural",Ongoing,4.58
Bungou Stray Dogs,Vol.6 Chapter 31.1,"Aug 26,20",9,https://manganelo.com/manga/potiondanomi_de_ikinobimasu,"Fantasy,Shounen",Ongoing,4.69
Hatsukoi Ni Kiss,"Chapter 85: Hero Vs. Criminal, Part 2","Aug 26,20",9,https://manganelo.com/manga/bungou_stray_dogs,"Action,Drama,Mystery,Seinen,Supernatural",Ongoing,4.82
Volcanic Age,Chapter 5: Machiko Yo Oborekake,"Aug 26,20",9,https://manganelo.com/manga/hatsukoi_ni_kiss,"Romance,Shoujo",Ongoing,4.77
"I Was Reincarnated, And Now I'm A Maid!",Chapter 137,"Aug 26,20",9,https://manganelo.com/manga/volcanic_age,"Action,Adventure,Fantasy,Shounen",Ongoing,4.81
The Problem Of My Love Affair,Chapter 5,"Aug 26,20",9,https://manganelo.com/manga/nf920841,"Comedy,Fantasy,Romance,Shoujo,Slice of life",Ongoing,4.82
Midarini Midarana Kuroyukihime Online,Chapter 36,"Aug 26,20",9,https://manganelo.com/manga/dt919262,"Comedy,Drama,Josei,Romance,Webtoons",Ongoing,4.8
Ichigo No Haitta Soda-Sui,Chapter 5: The Alluring Twin Foxes,"Aug 26,20",9,https://manganelo.com/manga/midarini_midarana_kuroyukihime_online,"Comedy,Harem,Mature,Seinen",Ongoing,4.6
This Italian Girl Has Become Such A Freeloader,Chapter 3.5,"Aug 26,20",9,https://manganelo.com/manga/ichigo_no_haitta_sodasui,"Comedy,School life,Shoujo ai,Slice of life",Ongoing,4.35
Ultimate Soldier,Chapter 15,"Aug 26,20",9,https://manganelo.com/manga/fb923311,"Comedy,Shounen,Slice of life",Ongoing,4.72
Blue Lock,Chapter 79,"Aug 26,20",9,https://manganelo.com/manga/co922137,"Action,Adventure,Fantasy",Ongoing,4.7
The Bright Moon,Chapter 97: Last Ticket,"Aug 26,20",9,https://manganelo.com/manga/ib919210,"Action,Drama,Shounen,Sports",Ongoing,4.8
"Omoi, Omoware, Furi, Furare",Chapter 7.2,"Aug 26,20",9,https://manganelo.com/manga/hw921878,"Historical,Romance,Yaoi",Ongoing,4.52
Blinded By The Setting Sun,Vol.11 Chapter 42,"Aug 26,20",9,https://manganelo.com/manga/omoi_omoware_furi_furare,"Comedy,Drama,Romance,School life,Shoujo,Slice of life",Ongoing,4.69
Daughter Of The Emperor,Chapter 8: The Nameless Castle (6),"Aug 26,20",9,https://manganelo.com/manga/nl923262,"Drama,Fantasy,Romance",Ongoing,4.72
Records Of The Mystic Gardens,Chapter 192,"Aug 25,20",10,https://manganelo.com/manga/xl921047,"Comedy,Drama,Fantasy,Historical,Romance,Shoujo,Manhwa,Isekai",Ongoing,4.59
Peerless Martial Spirit,Chapter 21,"Aug 25,20",10,https://manganelo.com/manga/vl923016,"Action,Fantasy",Ongoing,4.57
The Garden Of Red Flowers,Chapter 6,"Aug 25,20",10,https://manganelo.com/manga/kz923857,"Action,Comedy,Martial arts,Webtoons",Ongoing,4.65
Planet Nya Nya Nya~,Chapter 5,"Aug 25,20",10,https://manganelo.com/manga/sn923686,"Comedy,Drama,Fantasy,Romance,Sci fi",Ongoing,4.61
Sono Bisque Doll Wa Koi Wo Suru,Chapter 29,"Aug 25,20",10,https://manganelo.com/manga/wq923283,"Comedy,Slice of life,Webtoons",Ongoing,4.61
My Apprentice: Game Over Again!,Chapter 45,"Aug 26,20",10,https://manganelo.com/manga/sono_bisque_doll_wa_koi_wo_suru,"Comedy,Romance,School life,Seinen,Shounen,Slice of life",Ongoing,4.83
The 12 Oâ€™Clock Cinderella,Chapter 96,"Aug 26,20",10,https://manganelo.com/manga/fj920321,"Fantasy,Historical,Romance,Shoujo,Webtoons",Ongoing,4.7
Evil Knight,Chapter 6,"Aug 26,20",10,https://manganelo.com/manga/km923827,Romance,Ongoing,3.6
Immortal Swordsman In The Reverse World,Chapter 15,"Aug 26,20",10,https://manganelo.com/manga/id923424,"Action,Adventure,Drama,Fantasy,Romance",Ongoing,4.44
Komi-San Wa Komyushou Desu,Chapter 123,"Aug 26,20",10,https://manganelo.com/manga/ny922152,"Action,Adventure,Ecchi,Fantasy,Harem,Martial arts,Romance,Supernatural,Webtoons",Ongoing,4.52
Chaotic Sword God,Chapter 264: Inn 2,"Aug 25,20",10,https://manganelo.com/manga/komisan_wa_komyushou_desu,"Comedy,Romance,School life,Shounen",Ongoing,4.72
Legend Of Phoenix,Chapter 120,"Aug 26,20",10,https://manganelo.com/manga/chaotic_sword_god,"Action,Adventure,Fantasy,Harem,Martial arts,Romance",Ongoing,4.27
The Prince Disguised As The Clown,Chapter 95,"Aug 26,20",10,https://manganelo.com/manga/legend_of_phoenix,"Action,Adventure,Fantasy,Martial arts",Ongoing,4.62
Elqueeness,Chapter 20,"Aug 26,20",10,https://manganelo.com/manga/yu923022,"Romance,Slice of life",Ongoing,4.7
A Pair Of Otakus,Chapter 49,"Aug 26,20",10,https://manganelo.com/manga/hk921403,"Adventure,Fantasy,Slice of life",Ongoing,4.65
Karakai Jouzu No (Moto) Takagi-San,Chapter 27: He Is The Most Important,"Aug 26,20",10,https://manganelo.com/manga/iu917535,"Comedy,Drama,Romance,School life,Shounen ai,Webtoons",Ongoing,4.04
The Flirtatious Princess Consort,Chapter 149,"Aug 26,20",10,https://manganelo.com/manga/karakai_jouzu_no_moto_takagisan,"Comedy,Romance,Shounen,Slice of life",Ongoing,4.78
Tono No Kanri O Shite Miyou,Chapter 23,"Aug 26,20",10,https://manganelo.com/manga/hg923887,"Comedy,Fantasy,Historical,Romance",Ongoing,4.55
A Mother In Her 30S Like Me Is Alright?,Chapter 24: The 24Th Floor: Divine Power Studies,"Aug 26,20",10,https://manganelo.com/manga/su918320,"Adventure,Fantasy,Harem,Shounen",Ongoing,4.78
I Donâ€™T Want To Be Empress!,Chapter 3,"Aug 26,20",10,https://manganelo.com/manga/gj923864,"Comedy,Ecchi,Romance,Slice of life",Ongoing,4.67
Virtual World: Close Combat Mage,Chapter 30,"Aug 25,20",11,https://manganelo.com/manga/ha921652,"Fantasy,Romance,Slice of life,Webtoons",,4.78
Dokebi Cafe,Chapter 100,"Aug 25,20",11,https://manganelo.com/manga/ln918826,"Action,Adventure,Fantasy,Martial arts,School life",Ongoing,4.64
Love At First Sight,Chapter 64,"Aug 25,20",11,https://manganelo.com/manga/me922711,"Comedy,Drama,Fantasy,Romance,Shoujo",Ongoing,4.54
We Won't Die Easily!,Chapter 67,"Aug 25,20",11,https://manganelo.com/manga/gk922330,"Comedy,Romance,School life,Shoujo,Slice of life,Manhwa",Ongoing,4.21
Chouchou Jiken,Chapter 87,"Aug 25,20",11,https://manganelo.com/manga/ub920578,"Comedy,Gender bender,Historical,Romance,Webtoons",Ongoing,4.08
Soredemo Ayumu Wa Yosetekuru,Chapter 8: The Red Shoes Motif,"Aug 25,20",11,https://manganelo.com/manga/fb918940,"Action,Gender bender,Historical,Horror,Mystery,Romance,School life,Shoujo,Shounen",Ongoing,4.45
Unscrupuous Consort: The Evil Dotor,Chapter 71: The 71St Move,"Aug 25,20",11,https://manganelo.com/manga/ps918650,"Comedy,Romance,School life,Shounen,Slice of life",Ongoing,4.79
Nadeshiko Doremisora,Chapter 26,"Aug 25,20",11,https://manganelo.com/manga/pa923834,"Action,Drama,Fantasy,Historical,Romance,Webtoons",Ongoing,4.64
Murenase! Shiiton Gakuen,Chapter 7: I Don't Get It,"Aug 25,20",11,https://manganelo.com/manga/nadeshiko_doremisora,"School life,Seinen",Ongoing,4.63
The Record Of Unusual Creatures,Chapter 124: Who's The Boss? (5),"Aug 25,20",11,https://manganelo.com/manga/murenase_shiiton_gakuen,"Comedy,School life,Shounen",Ongoing,4.58
An Urban Cultivation Frenzy,Chapter 56: Dreams Of The Odd World Arc - The Nan Gong Family's History,"Aug 25,20",11,https://manganelo.com/manga/uw920127,"Comedy,Fantasy,Romance,Supernatural",Ongoing,4.19
Joshikousei No Muda Zukai,Chapter 38,"Aug 25,20",11,https://manganelo.com/manga/io923679,"Adventure,Comedy,Ecchi,Fantasy,Martial arts",Ongoing,4.33
Bokura No Kiseki,Chapter 90: Youth,"Aug 25,20",11,https://manganelo.com/manga/joshikousei_no_muda_zukai,"Comedy,School life,Slice of life",Ongoing,4.75
Hatsukoi To Taiyou,Vol.23 Chapter 101,"Aug 25,20",11,https://manganelo.com/manga/bokura_no_kiseki,"Action,Drama,Fantasy,Gender bender,Historical,Josei,Mystery,Romance,School life,Supernatural",Ongoing,4.5
Kirameki No Lion Boy,Chapter 20: Story 20,"Aug 25,20",11,https://manganelo.com/manga/gg922251,"Drama,Romance,School life,Shoujo,Slice of life",Ongoing,4.84
Reader,Vol.6 Chapter 20,"Aug 25,20",11,https://manganelo.com/manga/zt921985,"Drama,Romance",Ongoing,4.45
"That Year, Under The Starry Sky",Vol.1 Chapter 24: 24,"Aug 25,20",11,https://manganelo.com/manga/reader,"Ecchi,Gender bender,School life,Seinen,Supernatural",Ongoing,2.67
Nyx Stay Night,Chapter 29: Unpeaceful Evening,"Aug 25,20",11,https://manganelo.com/manga/tj919156,"Drama,Romance,School life,Shoujo,Webtoons",Ongoing,4.48
The Moon Witch And The Sun King: My Salvation,Chapter 40: Insoluble Dilemma,"Aug 25,20",11,https://manganelo.com/manga/jc918064,"Fantasy,Romance,Webtoons",Ongoing,4.66
The World Of Moral Reversal,Chapter 14,"Aug 25,20",11,https://manganelo.com/manga/nl920777,"Romance,Webtoons,Isekai",Ongoing,4.77
The King Of Fantasy,"Vol.3 Chapter 23: You Know, My Mom Always Forgets The Names Of Erotic Situations She Likes","Aug 25,20",11,https://manganelo.com/manga/the_world_of_moral_reversal,"Adult,Comedy,Ecchi,School life,Seinen",Ongoing,4.59
The Queen Of Killers,Chapter 9: The Loneliness Of Being Lilili,"Aug 25,20",11,https://manganelo.com/manga/qf921230,Shounen,Ongoing,4.82
Tengoku Daimakyou,Chapter 6,"Aug 25,20",12,https://manganelo.com/manga/dg923553,"Action,Adventure,Historical,Romance",Ongoing,4.58
They All Want To Marry Me! Help!,Chapter 29: Walled City âž„,"Aug 25,20",12,https://manganelo.com/manga/ib918305,"Adventure,Comedy,Drama,Mystery,Seinen",Ongoing,4.87
Dream Of Night Bloom,Chapter 29,"Aug 25,20",12,https://manganelo.com/manga/zh923427,"Comedy,Romance,Webtoons",Ongoing,4.11
Yixia Fan Shang,Chapter 44,"Aug 25,20",12,https://manganelo.com/manga/dream_of_night_bloom,"Romance,Shoujo,Webtoons",Ongoing,3.91
Reincarnated Marquis,Chapter 12,"Aug 25,20",12,https://manganelo.com/manga/dm923191,"Comedy,Drama,Fantasy,Historical,Romance,Shounen ai,Webtoons",Ongoing,4.43
The Epic Revenge,Chapter 83,"Aug 25,20",12,https://manganelo.com/manga/zz921339,"Action,Fantasy",Ongoing,4.09
Idol Is A God,Chapter 280,"Aug 25,20",12,https://manganelo.com/manga/ow917725,"Adult,Drama,Historical,Josei,Romance,Smut",Ongoing,4.38
The Emperor Is Afraid That The Princess Will Have The World,Chapter 5,"Aug 25,20",12,https://manganelo.com/manga/yr923680,"Comedy,Fantasy",Ongoing,3.8
Tang Yin In Another Realm Ii: The Rise Of Feng Nation,Chapter 40,"Aug 25,20",12,https://manganelo.com/manga/za922061,"Action,Drama,Romance",Ongoing,4.5
Dragon Vessel,Chapter 5,"Aug 25,20",12,https://manganelo.com/manga/yq923705,"Action,Fantasy",Ongoing,4.25
Rebirth: City Deity,Chapter 26,"Aug 25,20",12,https://manganelo.com/manga/oz922256,"Action,Adult,Fantasy,Martial arts,Webtoons",,4.54
Donâ€™T Cry,Chapter 114,"Aug 25,20",12,https://manganelo.com/manga/we920109,"Action,Adventure,Fantasy,Martial arts,Supernatural",Ongoing,4.69
The Villainous Doctor,Chapter 5,"Aug 25,20",12,https://manganelo.com/manga/ht923687,"Romance,Slice of life",Ongoing,4.72
Murim Login,Chapter 7,"Aug 25,20",12,https://manganelo.com/manga/ty923882,"Action,Drama,Historical,Romance",Ongoing,4.51
I Choose The Emperor Ending,Chapter 31,"Aug 25,20",12,https://manganelo.com/manga/gz922893,Action,Ongoing,4.88
Boku No Kokoro No Yabai Yatsu,Chapter 52,"Aug 25,20",12,https://manganelo.com/manga/iz921388,"Fantasy,Romance,Manhwa,Isekai",Ongoing,4.7
The Princeâ€™S Private Masseuse,Chapter 52: We Resemble Each Other A Bit,"Aug 25,20",12,https://manganelo.com/manga/ch918535,"School life,Shounen,Slice of life",Ongoing,4.78
Nejikemono,Chapter 35,"Aug 25,20",12,https://manganelo.com/manga/iw922538,"Drama,Historical,Romance,Shoujo",Ongoing,4.56
Killing Me/killing You,Vol.2 Chapter 5: Tanokoori,"Aug 25,20",13,https://manganelo.com/manga/mq919395,"Action,Adventure,Historical,Romance,Seinen,Supernatural",Ongoing,4.74
Silent Lover,Vol.2 Chapter 8: An Ordinary Place/sacarament's Judgement,"Aug 25,20",13,https://manganelo.com/manga/jz918104,"Action,Adventure,Comedy,Drama,Ecchi,Fantasy,Mature,Shounen",Ongoing,4.73
Kobayashi-San Chi No Maid Dragon,Chapter 17: Madam Consort Ceremony,"Aug 25,20",12,https://manganelo.com/manga/jw922352,"Drama,Historical,Romance,Shounen ai,Webtoons",Ongoing,4.66
Lonely Attack On A Different World,Chapter 99: Kobayashi And The Holy Sword,"Aug 25,20",13,https://manganelo.com/manga/kobayashisan_chi_no_maid_dragon,"Comedy,Fantasy,Slice of life",Ongoing,4.76
Rifle Is Beautiful,Chapter 33: Bad Mood And Discontent,"Aug 25,20",13,https://manganelo.com/manga/ut920247,"Action,Adventure,Comedy,Fantasy,Harem,Shounen,Isekai",Ongoing,4.51
Mahouka Koukou No Rettousei - Yokohama Souran Hen,"Vol.2 Chapter 35: Artistic Taste, I Don't Have It","Aug 25,20",13,https://manganelo.com/manga/ao917578,"Comedy,School life,Seinen,Slice of life,Sports",Ongoing,3.66
"Please Don't Bully Me, Nagatoro",Vol.3 Chapter 14: Those Who Gathered (Ii),"Aug 25,20",13,https://manganelo.com/manga/mqqq103901565147099,"Action,Comedy,Drama,Romance,School life,Sci fi,Shounen,Supernatural",Ongoing,3.94
Kyoukai Meikyuu To Ikai No Majutsushi,Chapter 66: You're Just Senpai!,"Aug 25,20",13,https://manganelo.com/manga/please_dont_bully_me_nagatoro,"Comedy,Romance,School life,Shounen",Ongoing,4.75
Kokoro Kimiiro Sakura Iro,Chapter 24,"Aug 25,20",13,https://manganelo.com/manga/kyoukai_meikyuu_to_ikai_no_majutsushi,"Action,Adventure,Fantasy,Harem,Romance,Shounen",Ongoing,4.51
Detective Conan,Chapter 21,"Aug 25,20",13,https://manganelo.com/manga/kokoro_kimiiro_sakura_iro,"Comedy,Romance,School life,Shoujo,Slice of life",Ongoing,4.45
Kawaii Hito (Saitou Ken),Chapter 1059: Pre-Show Briefing,"Aug 25,20",12,https://manganelo.com/manga/read_detective_conan_manga_online_free,"Adventure,Comedy,Drama,Mystery,Romance,School life,Shounen",Ongoing,4.53
"Watashi Ga Koibito Ni Nareru Wake Naijan, Muri Muri! (Muri Janakatta!?)",Chapter 25,"Aug 25,20",13,https://manganelo.com/manga/kawaii_hito_saitou_ken,"Comedy,Drama,Romance,Shoujo,Slice of life",Ongoing,4.85
Masaki's Bread Makes People Happy,Chapter 3,"Aug 25,20",13,https://manganelo.com/manga/bd923417,"Comedy,School life,Yuri",Ongoing,4.49
The Rebirth Of An 8Th Circled Wizard,Vol.1 Chapter 7: The Phantom Flour (Pt.3),"Aug 25,20",13,https://manganelo.com/manga/ji918897,"Comedy,Drama,Romance,Seinen,Slice of life",Ongoing,4.63
Yomigaeru Shoujo,Chapter 33,"Aug 25,20",13,https://manganelo.com/manga/kj923068,"Action,Adventure,Fantasy",Ongoing,4.64
Her Appetite's Too Big For Me Alone,Vol.1 Chapter 6: Beckoned By The Rotting Smell,"Aug 25,20",13,https://manganelo.com/manga/pf919437,"Horror,Shoujo",Completed,3
Pond Snail Robber,Chapter 28: One Step At A Time,"Aug 25,20",13,https://manganelo.com/manga/her_appetites_too_big_for_me_alone,"Action,Comedy,Cooking,Ecchi,Mystery,Psychological,Romance,School life,Seinen,Slice of life,Supernatural",Ongoing,4.67
A Wife Who Heals With Tights,Chapter 22,"Aug 24,20",14,https://manganelo.com/manga/vb922566,"Romance,Shounen ai",Ongoing,4.6
Shoukan Sareta Kenja Wa Isekai Wo Yuku - Saikyou Nano Wa Fuyou Zaiko No Item Deshita,Chapter 28,"Aug 25,20",13,https://manganelo.com/manga/ul921197,"Comedy,Ecchi,Romance,Slice of life",Ongoing,4.58
New Prince Of Tennis,Chapter 18,"Aug 24,20",14,https://manganelo.com/manga/si923815,"Action,Adventure,Drama,Fantasy,Seinen",Ongoing,4.79
School Zone,Chapter 309: Golden Age 309 Future,"Aug 25,20",13,https://manganelo.com/manga/new_prince_of_tennis,"Comedy,Drama,School life,Shounen,Sports",Ongoing,4.49
"The Tyrannical Holy King Wants To Dote On The Cheat Girl, But Right Now She's Too Obsessed With Magic!!!",Vol.2 Chapter 51.2: Extra 2: What's Got Ya So Angry?,"Aug 24,20",14,https://manganelo.com/manga/dg919090,"Horror,Seinen",Ongoing,4.3
The Phoenix In A Turbulent World,Vol.1 Chapter 2: Sealing For The First Time,"Aug 24,20",14,https://manganelo.com/manga/mw923502,"Fantasy,Josei,Romance",Ongoing,4.79
Another World Munchkin -Conquering The Dungeon As The Strongest And The Fastest With Only 1 Hp-,Chapter 22,"Aug 24,20",14,https://manganelo.com/manga/mp923835,"Action,Fantasy,Romance,Shounen,Webtoons",Ongoing,4.68
Spinel,Chapter 25: The Munchkin's Advance (Cont.),"Aug 24,20",14,https://manganelo.com/manga/bt920712,"Action,Adventure,Fantasy,Harem,Shounen",Ongoing,4.24
Ripe When The Flowers Bloom,Chapter 10,"Aug 24,20",14,https://manganelo.com/manga/yv923535,"Romance,Yaoi",Ongoing,4.45
Keeper Of The Pearl,Chapter 14,"Aug 24,20",14,https://manganelo.com/manga/yi923488,"Fantasy,Romance,Shounen ai",Ongoing,3.85
Love In The Underworld,Chapter 31,"Aug 24,20",14,https://manganelo.com/manga/ou920694,"Historical,Romance,Yaoi",Ongoing,4.35
Supreme Yanluo System,Chapter 23,"Aug 24,20",14,https://manganelo.com/manga/il922565,"Fantasy,Romance,Yaoi",Ongoing,4.23
Jisatsutou,Chapter 26,"Aug 24,20",14,https://manganelo.com/manga/wj923822,"Action,Adventure,Comedy,Ecchi,Martial arts",Ongoing,4.46
Joujuu Senjin!! Mushibugyo,Vol.17 Chapter 165: Ally Of Destiny,"Aug 24,20",14,https://manganelo.com/manga/jisatsutou,"Drama,Mature,Psychological,Seinen,Tragedy",Ongoing - No Set Relea,4.45
Indulged In Your Light,Vol.14 Chapter 128: Bugmanification,"Aug 24,20",14,https://manganelo.com/manga/joujuu_senjin_mushibugyo,"Action,Ecchi,Fantasy,Martial arts,Romance,Shounen",Ongoing,4.76
Mermaid's Egg,Chapter 34: An Open And Secret Fight,"Aug 24,20",14,https://manganelo.com/manga/qc920582,"Romance,Shounen ai,Webtoons",Ongoing,3.92
Villain Initialization,Chapter 30,"Aug 24,20",14,https://manganelo.com/manga/wl921421,"Comedy,Fantasy,Romance,Shounen ai,Webtoons",Ongoing,4.29
"Please Fall Asleep, Emperor",Chapter 23,"Aug 24,20",14,https://manganelo.com/manga/mc922174,"Action,Adventure,Comedy,Fantasy,Supernatural",Ongoing,4.72
Supernova,Chapter 9,"Aug 24,20",14,https://manganelo.com/manga/in923295,"Action,Historical,Martial arts,Mystery,Romance,Shounen ai,Webtoons",Ongoing,4.42
Suicide Island,Chapter 121,"Aug 24,20",14,https://manganelo.com/manga/ar918117,"Action,Comedy,School life",Ongoing,4.39
Division 8â€™S Record Of Secrets,Chapter 165: Ally Of Destiny,"Aug 25,20",14,https://manganelo.com/manga/suicide_island,"Horror,Mature,Mystery,Psychological,Romance,Seinen,Tragedy",Ongoing,4.53
One Of A Kind Romance,Chapter 3,"Aug 24,20",14,https://manganelo.com/manga/zx923880,"Action,Adventure,Horror,Mystery",Ongoing,4.5
"Oogami-San, Dadamore Desu",Chapter 100,"Aug 25,20",14,https://manganelo.com/manga/one_of_a_kind_romance,"Romance,Shoujo,Webtoons,Manhwa",Ongoing,4.74
The Grandmaster Of Demonic Cultivation,Vol.7 Chapter 34: Four-Way At Jinbouchou!,"Aug 25,20",14,https://manganelo.com/manga/oogamisan_dadamore_desu,"Comedy,Ecchi,Romance,School life,Seinen,Slice of life",Ongoing,4.12
Guild No Cheat Na Uketsukejou (Novel),Chapter 146,"Aug 24,20",15,https://manganelo.com/manga/ol917885,"Action,Adult,Adventure,Comedy,Fantasy,Historical,Horror,Martial arts,Mystery,Romance,Shounen ai,Supernatural,Webtoons,Yaoi",Ongoing,4.68
I Stack Experience Through Reading Books,Chapter 18,"Aug 24,20",15,https://manganelo.com/manga/guild_no_cheat_na_uketsukejou_novel,"Adventure,Comedy,Fantasy,Gender bender",Ongoing,3.1
"So, Do You Wanna Go Out, Or?",Chapter 28,"Aug 24,20",15,https://manganelo.com/manga/ow923334,"Cooking,Mystery,Shounen,Supernatural,Webtoons,Manhwa",Ongoing,4.53
Kemonona Watashi To Yoimasen Ka,Chapter 24,"Aug 24,20",15,https://manganelo.com/manga/so_do_you_wanna_go_out_or,Yuri,Ongoing,4.23
Huadaoshi,Chapter 6,"Aug 24,20",15,https://manganelo.com/manga/rx923171,"Adventure,Comedy,Ecchi,Romance,Seinen,Slice of life,Supernatural",,4.75
Shenwu Tianzun,Chapter 13,"Aug 24,20",15,https://manganelo.com/manga/huadaoshi,"Action,Comedy,Fantasy,Martial arts,Supernatural",Ongoing,4.62
Roland Roland,Chapter 157,"Aug 24,20",15,https://manganelo.com/manga/an922948,"Action,Adventure,Fantasy,Martial arts,Webtoons",Ongoing,4.55
BuccafÃ©!,Chapter 97,"Aug 24,20",15,https://manganelo.com/manga/zh918162,"Adventure,Comedy,Fantasy",Ongoing,4.4
Poputepipikku,Chapter 199: Honest Feelings,"Aug 24,20",15,https://manganelo.com/manga/buccafe,"Comedy,Shounen,Slice of life",Ongoing,4.73
Youkai Shoujo - Monsuga,Chapter 53,"Aug 24,20",15,https://manganelo.com/manga/poputepipikku,"Comedy,Seinen",Ongoing,4.28
Sica Wolf,Vol.13 Chapter 131: Gcup Reinforcements! Dire Situation!,"Aug 24,20",15,https://manganelo.com/manga/youkai_shoujo_monsuga,"Action,Adult,Adventure,Comedy,Cooking,Ecchi,Harem,Romance,Supernatural",Ongoing,4.58
Death Is The Only Ending For The Villainess,Chapter 89,"Aug 24,20",15,https://manganelo.com/manga/sq919091,"Adventure,Fantasy,Mystery,Romance,Shoujo",Ongoing,4.83
Real,Chapter 26,"Aug 24,20",15,https://manganelo.com/manga/tp922758,"Fantasy,Romance",Ongoing,4.86
Konjiki No Moji Tsukai - Yuusha Yonin Ni Makikomareta Unique Cheat,Chapter 90,"Aug 24,20",15,https://manganelo.com/manga/real,"Drama,Psychological,Seinen,Slice of life,Sports,Tragedy",Ongoing,4.66
Ueno-San Wa Bukiyou,Chapter 65: Hiiro Joins The Battle! Part 2,"Aug 24,20",15,https://manganelo.com/manga/igh1364457,"Action,Adventure,Comedy,Fantasy,Harem,Shounen",Ongoing,4.75
Zutto Otokonoko Da To Omotte Ita Gakitaishou Ga Onnanoko Deshita,Vol.7 Chapter 68: Alphabeta,"Aug 24,20",15,https://manganelo.com/manga/uat947546,Seinen,,4.73
Sex And Dungeon,Chapter 26,"Aug 24,20",15,https://manganelo.com/manga/sz922600,"Comedy,Romance,Slice of life",Ongoing,4.36
Furare Girl,Chapter 8,"Aug 24,20",15,https://manganelo.com/manga/rj921964,"Ecchi,Seinen,Smut",Ongoing,4.47
Nomi Joshi,Vol.5 Chapter 22,"Aug 24,20",15,https://manganelo.com/manga/fi917617,"Comedy,Romance,School life,Shoujo",Ongoing,4.85
"Please Go Home, Akutsu-San!",Vol.3 Chapter 30: Micchan's Sunday,"Aug 24,20",15,https://manganelo.com/manga/nomi_joshi,"Comedy,Seinen,Slice of life",Ongoing,4.42
Kyoudai Hodo Chikaku Tooimono Wa Nai,Chapter 47,"Aug 24,20",15,https://manganelo.com/manga/ed922319,"Comedy,Ecchi,Romance,School life",Ongoing,4.77
Rise Of The Demon King,Vol.5 Chapter 70: Girl's Party (Part 1),"Aug 24,20",15,https://manganelo.com/manga/kyoudai_hodo_chikaku_tooimono_wa_nai,"Comedy,Romance,School life,Shounen,Slice of life",Ongoing,4.55
Dimensional Mercenary ( Other World Warrior ),Chapter 109,"Aug 24,20",15,https://manganelo.com/manga/bi917773,"Action,Adventure,Comedy,Fantasy,Martial arts,Shounen,Webtoons",Ongoing,4.47
Beginner's Test For Infinite Power,Chapter 130,"Aug 24,20",16,https://manganelo.com/manga/qq923093,"Action,Adventure,Comedy,Drama,Fantasy,Shounen,Webtoons,Manhua",Ongoing,3.57
Amai Seikatsu,Chapter 29,"Aug 24,20",16,https://manganelo.com/manga/xz923297,"Action,Adventure,Drama,Fantasy,Martial arts,Webtoons",Ongoing,4.11
Feng Ni Tian Xia,Vol.10 Chapter 101: Two Sides Of A Stage,"Aug 24,20",16,https://manganelo.com/manga/amai_seikatsu,"Adult,Comedy,Ecchi,Harem,Romance,Seinen",Ongoing,4.6
Tanikamen,Chapter 367,"Aug 24,20",15,https://manganelo.com/manga/feng_ni_tian_xia,"Fantasy,Martial arts,Manhua",Ongoing,4.68
Guishihui,Vol.3 Chapter 42: The Man Named Kusaka,"Aug 24,20",16,https://manganelo.com/manga/tanikamen,"Comedy,School life,Seinen",Ongoing,4.52
Baby Steps,Chapter 17: The Flower Sore Spell,"Aug 24,20",16,https://manganelo.com/manga/ph920193,Horror,Ongoing,3.71
Wotaku Ni Koi Wa Muzukashii,Chapter 393: Toward The Light,"Aug 24,20",16,https://manganelo.com/manga/read_baby_steps_manga,"Comedy,Drama,Romance,School life,Shounen,Slice of life,Sports",Ongoing,4.63
Iâ€™M The Ex-Girlfriend Of A Soldier,Vol.8 Chapter 61.5: Afterword + Extras,"Aug 24,20",16,https://manganelo.com/manga/wotaku_ni_koi_wa_muzukashii,"Comedy,Josei,Romance,Slice of life",Ongoing,4.83
Subzero,Chapter 16,"Aug 24,20",16,https://manganelo.com/manga/cv922701,"Comedy,Fantasy,One shot,Romance",Ongoing,4.74
Incubus Ceo's Exclusive Dessert,Chapter 84,"Aug 24,20",16,https://manganelo.com/manga/ch921305,"Fantasy,Romance,Manhua",Ongoing,4.45
On The Emperor's Lap,Chapter 154,"Aug 24,20",16,https://manganelo.com/manga/incubus_ceos_exclusive_dessert,"Fantasy,Romance",Ongoing,3.69
Lock You Up,Chapter 47,"Aug 24,20",16,https://manganelo.com/manga/ss921560,"Drama,Fantasy,Josei,Shoujo,Sports,Webtoons,Manhwa",Ongoing,4
Wind Breaker,Vol.1 Chapter 62: Little Sun,"Aug 24,20",16,https://manganelo.com/manga/lock_you_up,"Drama,Romance,Shounen ai,Slice of life,Manhua",Ongoing,3.68
A Villain Is A Good Match For A Tyrant,Chapter 296,"Aug 24,20",16,https://manganelo.com/manga/wind_breaker,"Comedy,Drama,Romance,Sports,Tragedy,Webtoons,Manhwa",Ongoing,4.53
Yuko Sae Tatakaeba,Chapter 22,"Aug 24,20",16,https://manganelo.com/manga/a_villain_is_a_good_match_for_a_tyrant,"Drama,Fantasy,Romance,Webtoons",Ongoing,4.83
Visible Only To You,Vol.3 Chapter 21: Change Of Seats,"Aug 24,20",16,https://manganelo.com/manga/oa919470,"Action,Comedy,Shounen,Slice of life",Ongoing,4.58
Soulmate,Chapter 9,"Aug 24,20",16,https://manganelo.com/manga/zb922056,"Drama,Romance,Supernatural,Webtoons",Ongoing,4.76
Maou Gakuen No Hangyakusha,Chapter 29: Flower Viewing,"Aug 24,20",16,https://manganelo.com/manga/yj922725,"Comedy,Drama,Romance,Shoujo ai,Slice of life,Tragedy,Yuri",Ongoing,4.66
Fiery Enemies,Chapter 4: A Demon King Candidate Nonetheless,"Aug 24,20",16,https://manganelo.com/manga/te922846,"Action,Comedy,Drama,Ecchi,Fantasy,Harem,Romance,School life,Seinen",Ongoing,4.76
I Stack Experience Through Writing Books,Chapter 50,"Aug 24,20",16,https://manganelo.com/manga/sx923491,"Comedy,Drama,Josei,Romance,Webtoons",Ongoing,4.52
His Majesty Doesn't Want To Be Too Bossy,Chapter 28,"Aug 24,20",16,https://manganelo.com/manga/fv923005,"Mystery,Supernatural,Webtoons",Ongoing,4.7
The Story Between A Dumb Prefect And A High School Girl With An Inappropriate Skirt Length,Chapter 7: Test Preparation,"Aug 24,20",17,https://manganelo.com/manga/aj921684,"Comedy,Historical,Romance",Ongoing,4.49
I Don't Want To Become Crown Princess!!,Chapter 15.1: Niconico Extra Chapter,"Aug 24,20",17,https://manganelo.com/manga/pb918878,"Comedy,Romance,School life,Shoujo",Ongoing,4.78
Strongest Abandoned Son,Chapter 6,"Aug 24,20",17,https://manganelo.com/manga/jc921172,"Fantasy,Josei,Romance,Isekai",Ongoing,4.66
Mf Ghost,Chapter 152,"Aug 24,20",17,https://manganelo.com/manga/jp921012,"Action,Adventure,Drama,Fantasy,Martial arts,Mature,Romance,Seinen,Supernatural,Tragedy,Webtoons",Ongoing,4.14
The Night Owl Witch,Chapter 70: Light And Dark On The Long Straight,"Aug 24,20",17,https://manganelo.com/manga/mf_ghost,"Action,Seinen,Sports",Ongoing,4.7
Shy,Chapter 38: The Witch And The Kappa,"Aug 24,20",17,https://manganelo.com/manga/sj919628,"Comedy,Seinen,Slice of life",Ongoing,4.6
Tsuyokute New Saga,Chapter 47: Smile,"Aug 24,20",17,https://manganelo.com/manga/vr920110,"Action,Shounen,Supernatural",Ongoing,4.19
Monstaboo,Chapter 78,"Aug 24,20",17,https://manganelo.com/manga/tsuyokute_new_saga,"Action,Adventure,Comedy,Drama,Fantasy,Harem,Romance,Shounen",Ongoing,4.61
The Stereotypical Life Of A Reincarnated Lady,Chapter 13: The Youth And His Secret Business,"Aug 24,20",17,https://manganelo.com/manga/ht920135,"Action,Adventure,Comedy,Drama,Fantasy,Horror,Mystery,Psychological,Romance,School life,Sci fi,Shounen,Supernatural,Tragedy",Ongoing,4.18
Dungeon Reset,Chapter 28,"Aug 24,20",17,https://manganelo.com/manga/be922607,"Fantasy,Romance,Webtoons",Ongoing,4.78
The Song Of Theodor,Chapter 43,"Aug 24,20",17,https://manganelo.com/manga/tn922327,"Action,Adventure,Fantasy",Ongoing,4.83
"Great Dragon Can Be Defeated With Bare Hands, But Isn't This A Common Sense?",Chapter 33: A Heart To Protect,"Aug 24,20",17,https://manganelo.com/manga/uj921756,"Fantasy,Romance,Webtoons",,4.73
The Alexis Empire Chronicle,Chapter 9,"Aug 24,20",17,https://manganelo.com/manga/hd919559,"Action,Adventure,Comedy,Drama,Fantasy",Ongoing,4.33
Kaifuku Jutsushi No Yarinaoshi,Chapter 12: The Eidonia Strife 2,"Aug 24,20",17,https://manganelo.com/manga/us920028,"Action,Comedy,Drama,Fantasy,Historical,Romance,Seinen,Shounen",Ongoing,4.68
Other World Warrior,Chapter 28.2,"Aug 24,20",17,https://manganelo.com/manga/kaifuku_jutsushi_no_yarinaoshi,"Action,Adult,Adventure,Drama,Fantasy,Harem,Seinen",Ongoing,4.63
Beware Of The Villainess!,Vol.4 Chapter 130,"Aug 24,20",17,https://manganelo.com/manga/dx919616,"Action,Adventure,Comedy,Drama,Fantasy,Shounen",Ongoing,4.55
Rocket Man,Chapter 39,"Aug 24,20",17,https://manganelo.com/manga/my922677,"Drama,Romance",Ongoing,4.86
Texts Of The Three Kingdoms,Vol.8 Chapter 27: Planet Of The Damned,"Aug 24,20",17,https://manganelo.com/manga/rocket_man,"Action,Adventure,Mystery,Shounen",,4.62
Dead Dead Demon's Dededededestruction,Vol.1 Chapter 6: Let's Do Something Crazy!,"Aug 24,20",17,https://manganelo.com/manga/ha918720,"Action,Comedy,Historical",Ongoing,3.33
Sengoku Vamp,Chapter 80,"Aug 24,20",17,https://manganelo.com/manga/dead_dead_demons_dededededestruction,"Drama,School life,Sci fi,Seinen",Ongoing,4.47
Tensei Kenja Wa Musume To Kurasu,Vol.5 Chapter 17: Various Attachments,"Aug 24,20",17,https://manganelo.com/manga/sengoku_vamp,"Drama,Harem,Romance,Shoujo,Supernatural",Ongoing,4.59
Shin Chuuka Ichiban!,Vol.1 Chapter 4.2: (Part Three),"Aug 24,20",17,https://manganelo.com/manga/fu922191,Manhwa,Ongoing,4.71
Cinderella Wa Sagasanai.,Vol.9 Chapter 73: The Noble Seal,"Aug 24,20",17,https://manganelo.com/manga/ng918242,"Action,Adventure,Comedy,Drama,Historical,Shounen",Ongoing,4.16
The Tiger Kingâ€™S Diary,Chapter 6: Given Names,"Aug 23,20",18,https://manganelo.com/manga/zr923199,"Comedy,Drama,Romance,Shounen",Ongoing,4.81
Super Shame,Chapter 51,"Aug 23,20",18,https://manganelo.com/manga/bm922413,"Josei,Romance",Ongoing,3.77
I Might Be A Fake Cultivator,Chapter 85,"Aug 23,20",18,https://manganelo.com/manga/bc919952,"Comedy,Ecchi,School life",Ongoing,3.38
I've Married A Demoness,Chapter 28,"Aug 23,20",18,https://manganelo.com/manga/ji922489,"Action,Adventure,Comedy,Fantasy,Historical",Ongoing,4.62
The Love Story Of Female Chancellor In Manâ€™S Dress,Chapter 8: It's Amazing That You Can Sleep With Your Pet. That Means We're On The Same Level.,"Aug 23,20",18,https://manganelo.com/manga/ey920117,"Action,Comedy,Ecchi,Historical,Romance,Shounen",Ongoing,4.74
Legend Reboot,Chapter 49,"Aug 23,20",18,https://manganelo.com/manga/pn922358,Romance,Ongoing,4.5
Fantasy Bishoujo Juniku Ojisan To,Chapter 49,"Aug 23,20",18,https://manganelo.com/manga/sn919957,"Action,Webtoons",Ongoing,4.54
Imarried,Chapter 36,"Aug 23,20",18,https://manganelo.com/manga/wf921285,"Comedy,Ecchi,Fantasy,Gender bender,Romance,Shounen",Ongoing,4.76
Touch Your Heart,Chapter 32,"Aug 23,20",18,https://manganelo.com/manga/nb921478,"Drama,Romance,Slice of life",Ongoing,3.89
Bakapple,Chapter 6,"Aug 23,20",18,https://manganelo.com/manga/fl923181,"Comedy,Drama,Romance,Slice of life,Webtoons",Ongoing,4.67
Sweetheart V5: The Boss Is Too Kind!,Chapter 6,"Aug 23,20",18,https://manganelo.com/manga/dx920090,"Comedy,Romance,School life,Slice of life",Ongoing,4.77
Cultivator Against Hero Society,Chapter 172,"Aug 23,20",18,https://manganelo.com/manga/cz919073,"Action,Comedy,Drama,Fantasy,Historical,Romance,Supernatural",Ongoing,4.4
Boss Luâ€™S Cute Newly-Wed,Chapter 24,"Aug 23,20",18,https://manganelo.com/manga/et923360,"Action,Adventure,Comedy,Martial arts",Ongoing,4.73
"Queen Of Posion: The Legend Of A Super Agent, Doctor And Princess",Chapter 102,"Aug 23,20",18,https://manganelo.com/manga/qj922388,"Josei,Romance",Ongoing,4.13
Face Genius,Chapter 90,"Aug 23,20",18,https://manganelo.com/manga/yu921699,"Romance,Webtoons",Ongoing,4.64
Heavenly Jewel Change,Chapter 2,"Aug 23,20",18,https://manganelo.com/manga/pc923856,"Adventure,Comedy,Fantasy",Ongoing,4.57
Foxtail,Chapter 39.5,"Aug 24,20",18,https://manganelo.com/manga/ck922218,"Action,Adventure,Comedy",Ongoing,4.66
Hereos Of Imjin War,Chapter 26: New Departure,"Aug 24,20",18,https://manganelo.com/manga/zx922286,"Action,Adventure,Fantasy",Ongoing,4.63
Princess Is A Bloodthirsty Surgeon,Chapter 5,"Aug 24,20",18,https://manganelo.com/manga/ay923624,"Action,Fantasy,Historical",Ongoing,4.41
"Hiratsu Cute, Shizu Cute!",Chapter 12,"Aug 23,20",19,https://manganelo.com/manga/rl923875,"Romance,Webtoons",Ongoing,4.6
Itâ€™S Too Hard To Chase The Tsundere Prince,Chapter 28: Shizuka And Hachiman,"Aug 23,20",19,https://manganelo.com/manga/ds923579,"Comedy,Romance,Slice of life",Ongoing,4.64
Stop! You Sexy Beast,Chapter 187,"Aug 23,20",19,https://manganelo.com/manga/ga918796,"Action,Adventure,Drama,Romance",Ongoing,4.54
It's Not An Angel.,Chapter 65,"Aug 23,20",19,https://manganelo.com/manga/re923862,"Psychological,Romance,Slice of life,Webtoons",Ongoing,3.16
One Piece,Chapter 14,"Aug 23,20",19,https://manganelo.com/manga/ll919424,"Comedy,Romance",Ongoing,4.7
Number Girl,Chapter 988: I've Kept You Waiting,"Aug 24,20",18,https://manganelo.com/manga/read_one_piece_manga_online_free4,"Action,Adventure,Comedy,Drama,Fantasy,Shounen",Ongoing,4.22
Tongari Booshi No Atorie,Vol.3 Chapter 49,"Aug 23,20",19,https://manganelo.com/manga/number_girl,Shoujo,Ongoing,4.56
"Give Me Your Dreams, Sweety!",Vol.7 Chapter 40,"Aug 23,20",19,https://manganelo.com/manga/dptq237511577325717,"Adventure,Comedy,Drama,Fantasy,Seinen",Ongoing,4.82
Darwin's Game,Chapter 44,"Aug 23,20",19,https://manganelo.com/manga/ww923861,"Action,Romance,Webtoons",Ongoing,4.27
The Golden Haired Wizard,Chapter 87,"Aug 23,20",19,https://manganelo.com/manga/darwins_game,"Action,Drama,Ecchi,Mature,Mystery,Psychological,Sci fi,Shounen",Ongoing,4.75
Autumn Wind And Rain,Chapter 28,"Aug 23,20",19,https://manganelo.com/manga/ed920918,"Fantasy,Romance,Shoujo,Webtoons",Ongoing,4.7
Tales Of Demons And Gods,Chapter 30,"Aug 23,20",19,https://manganelo.com/manga/lw923325,"Romance,School life,Slice of life,Webtoons",Ongoing,4.56
Super Aleste,Chapter 299,"Aug 23,20",19,https://manganelo.com/manga/hyer5231574354229,"Action,Adventure,Comedy,Drama,Fantasy,Harem,Romance,Shounen,Manhua",Ongoing,4.65
Magic Emperor,Chapter 4: Lagrange Point,"Aug 23,20",19,https://manganelo.com/manga/nj923721,"Action,Sci fi,Shounen",Ongoing,4.71
Zannen Jokanbu Black General-San,Chapter 120,"Aug 23,20",19,https://manganelo.com/manga/kk921357,"Action,Adventure,Fantasy,Martial arts,Supernatural",Ongoing,4.81
"Pregnant Wife, One Plus One",Vol.5 Chapter 66: Welcome Home,"Aug 23,20",19,https://manganelo.com/manga/zannen_jokanbu_black_generalsan1,Shounen,Ongoing,4.97
Remarried Empress,Chapter 34,"Aug 23,20",19,https://manganelo.com/manga/hg923785,"Drama,Fantasy,Romance,Slice of life",Ongoing,4.13
First Miss Reborn,Chapter 26,"Aug 23,20",19,https://manganelo.com/manga/gi921111,Romance,Ongoing,4.84
The Villain's Savior,Chapter 90,"Aug 23,20",20,https://manganelo.com/manga/tp922865,"Adventure,Romance",Ongoing,4.66
Spirit Sword Sovereign,Chapter 57,"Aug 23,20",20,https://manganelo.com/manga/gf919223,"Drama,Fantasy,Josei,Romance,Tragedy,Webtoons",Ongoing,4.71
I Turned My Childhood Friend (â™‚) Into A Girl,Chapter 326,"Aug 23,20",19,https://manganelo.com/manga/spirit_sword_sovereign,"Action,Fantasy,Martial arts,Manhua",Ongoing,4.5
The Earl's Daughter Was Suddenly Employed As The Crown Prince's FiancÃ©e,Chapter 6.15: Midou's Birthday Special,"Aug 23,20",20,https://manganelo.com/manga/tq921887,"Comedy,Gender bender,Romance",Ongoing,4.52
Celebgram,Chapter 12,"Aug 23,20",20,https://manganelo.com/manga/ln919648,"Comedy,Drama,Fantasy,Romance,Shoujo",Ongoing,4.83
Unforgettable Love Of Mine,Chapter 40,"Aug 23,20",20,https://manganelo.com/manga/hp920291,"Josei,Romance",,3.6
"Buta Koushaku Ni Tensei Shitakara, Kondo Wa Kimi Ni Suki To Iitai",Chapter 89,"Aug 23,20",20,https://manganelo.com/manga/mj921374,"Romance,Webtoons",Ongoing,4.01
Lookism,Vol.4 Chapter 23,"Aug 23,20",20,https://manganelo.com/manga/buta_koushaku_ni_tensei_shitakara_kondo_wa_kimi_ni_suki_to_iitai,"Adventure,Comedy,Fantasy,Romance,School life,Shounen,Slice of life",Ongoing,4.66
Amano Megumi Wa Suki Darake!,Chapter 297: Ep. 297: Workers(4 Affiliates) (11),"Aug 23,20",20,https://manganelo.com/manga/lookism,"Comedy,Drama,Romance,School life,Slice of life,Webtoons,Manhwa",Ongoing,4.78
"A Beauty, A Fatal Concubine",Chapter 229: Two And Two,"Aug 23,20",20,https://manganelo.com/manga/amano_megumi_wa_suki_darake,"Comedy,Ecchi,Romance,School life,Shounen",Ongoing,4.6
The Evil Cinderella Needs A Villain,Chapter 135,"Aug 23,20",20,https://manganelo.com/manga/pf920390,"Drama,Fantasy,Historical,Romance,Shoujo,Webtoons",Ongoing,4.66
A Contract Of Feelingless Ceo,Chapter 5,"Aug 23,20",20,https://manganelo.com/manga/lv922347,"Comedy,Drama,Fantasy,Romance",Ongoing,4.52
Giant Killing,Chapter 161,"Aug 23,20",20,https://manganelo.com/manga/ex921438,"Drama,Romance,Webtoons,Manhua",Ongoing,3.33
Gosu,Vol.37 Chapter 361,"Aug 23,20",20,https://manganelo.com/manga/giant_killing,"Comedy,Drama,Seinen,Sports",Ongoing,4.52
The Eunuch's Consort Rules The World,Chapter 189: [Chapter 2] Ep. 102,"Aug 23,20",20,https://manganelo.com/manga/gosu,"Action,Adventure,Comedy,Historical,Martial arts,Shounen,Webtoons,Manhwa",Completed,4.79
Resentment,Chapter 6: Splashing You With Urine,"Aug 23,20",20,https://manganelo.com/manga/ee923368,"Historical,Romance,Webtoons",Ongoing,4.74
Prince Charming Has His Eyes On Me,Chapter 8.4: Prophecy Made By Xiaoâ€™Jie,"Aug 23,20",20,https://manganelo.com/manga/resentment,"Drama,Horror,Shounen,Supernatural,Tragedy",Ongoing,4.02
The Genius Princess's Road To Becoming Empress,Chapter 17: Double Combo,"Aug 23,20",20,https://manganelo.com/manga/as922847,"Fantasy,Romance",Ongoing,4.08
Asahina Wakaba To Marumaru Na Kareshi,Chapter 8: Danger,"Aug 23,20",20,https://manganelo.com/manga/aj923275,"Comedy,Fantasy,Historical,Webtoons",Ongoing,4.5
Life Of A Lily,Chapter 5,"Aug 23,20",21,https://manganelo.com/manga/aa921322,"Comedy,Drama,Romance,School life,Slice of life",Ongoing,4.56
Dr. Koto Shinryoujo,Chapter 36,"Aug 23,20",20,https://manganelo.com/manga/life_of_a_lily,"Romance,Shoujo ai,Manhwa",Ongoing,4.23
"Class-Goto Shuudan Teni Shimashita Ga, Ichiban Tsuyoi Ore Wa Saijaku No Shounin Ni Gisouchuu",Vol.11 Chapter 114: Dr. Koto Is Conflicted,"Aug 23,20",21,https://manganelo.com/manga/dr_koto_shinryoujo,"Drama,Seinen",Ongoing,4.76
Nejimaki Kagyu,Chapter 1,"Aug 23,20",21,https://manganelo.com/manga/pt923863,"Action,Comedy,Ecchi,Fantasy,Harem",Ongoing,4.61
Bungo,Chapter 105: Student Council Dissolution General Elections 3,"Aug 23,20",21,https://manganelo.com/manga/nejimaki_kagyu,"Action,Comedy,Ecchi,Harem,Romance,School life,Seinen",Ongoing,4.53
Bijin Onna Joushi Takizawa-San,Vol.11 Chapter 99: Magic Ball,"Aug 23,20",21,https://manganelo.com/manga/ya921044,"Drama,School life,Seinen,Sports",Ongoing,4
"Isekai Teni, Jirai Tsuki.",Chapter 99,"Aug 23,20",21,https://manganelo.com/manga/bijin_onna_joushi_takizawasan,"Comedy,Ecchi,Romance,Slice of life",Ongoing,4.77
Montage (Watanabe Jun),Chapter 4.1,"Aug 23,20",21,https://manganelo.com/manga/ez921576,"Action,Adventure,Fantasy",Ongoing,4.66
From Maid To Mother,Vol.12 Chapter 114: Heavy Snow,"Aug 23,20",21,https://manganelo.com/manga/montage_watanabe_jun,"Drama,Mystery,Seinen",Ongoing,4.74
Vampyre,Chapter 45,"Aug 23,20",21,https://manganelo.com/manga/from_maid_to_mother,"Fantasy,Romance,Shoujo,Slice of life,Supernatural",Ongoing,4.8
"Sen Wa, Boku Wo Egaku",Chapter 4,"Aug 23,20",21,https://manganelo.com/manga/oh923480,"Action,Drama,Fantasy,Horror,Romance,Tragedy",Ongoing,4.47
"Transition To Another World, Landmines Included",Vol.4 Chapter 24: Snowy Day / Rupture,"Aug 23,20",21,https://manganelo.com/manga/sn919675,"Drama,Romance,Shounen,Slice of life",Ongoing,4.73
19Th End Century Memorandum,Chapter 4.1,"Aug 23,20",21,https://manganelo.com/manga/gf921580,"Action,Adventure,Fantasy,Shounen,Slice of life,Supernatural",Ongoing,4.33
Shi Shen Zhi Lu,Chapter 24: Best Friend (2),"Aug 23,20",21,https://manganelo.com/manga/quxr221121580876355,"Drama,Historical,Mystery,Romance,Webtoons",Ongoing,4.74
A Journey To The Past,Chapter 33,"Aug 23,20",21,https://manganelo.com/manga/vk919763,"Action,Fantasy,School life,Sci fi,Shounen",Ongoing,4.1
The Story About You X Me,Chapter 150,"Aug 23,20",21,https://manganelo.com/manga/a_journey_to_the_past1,"Adventure,Historical,Romance,Shoujo,Supernatural,Manhua",Ongoing,4.83
Yuri Natsu -Kagaya Inn-,Chapter 76: Sorry,"Aug 23,20",21,https://manganelo.com/manga/uz918840,"Comedy,School life,Shounen,Slice of life,Webtoons",Ongoing,4.5
"The Ultimate Middle-Aged Hunter Travels To Another World ~This Time, He Wants To Live A Slow And Peaceful Life~",Chapter 88: What Couples Would Do,"Aug 23,20",21,https://manganelo.com/manga/yuri_natsu_kagaya_inn,"Shoujo ai,Yuri",Ongoing,4.61
Welcome To The Nightmare Game,Chapter 11.3,"Aug 23,20",21,https://manganelo.com/manga/za920185,"Action,Adventure,Drama,Fantasy,Shounen",Ongoing,4.7
Wu Fist,Chapter 18: The Village Of Dusk,"Aug 23,20",21,https://manganelo.com/manga/nl922705,"Action,Adventure,Fantasy,Horror,Mystery,Sci fi,Shounen ai",Ongoing,4.52
The Tutorial Tower Of The Advanced Player,Chapter 18: Contempt,"Aug 23,20",21,https://manganelo.com/manga/iy919486,"Action,Adventure,Fantasy,Historical,Martial arts,Shounen",Ongoing,3.99
Monochrome Lovers,Chapter 16,"Aug 23,20",21,https://manganelo.com/manga/rj922755,"Action,Fantasy",Ongoing,4.82
Demonic Housekeeper,Chapter 26: The Color Of My Emotions,"Aug 23,20",21,https://manganelo.com/manga/monochrome_lovers,"Drama,Romance,School life,Slice of life,Webtoons",Ongoing,4.83
The Favored Concubine,Chapter 155,"Aug 22,20",22,https://manganelo.com/manga/demonic_housekeeper,"Action,Adventure,Comedy,Drama,Fantasy,Supernatural",Ongoing,4.45
Mutually Unrequited Twin Sisters,Chapter 104,"Aug 22,20",22,https://manganelo.com/manga/hi919755,"Fantasy,Historical,Romance,Webtoons,Isekai",Ongoing,4.18
"Spare Me, Great Lord!","Chapter 6: Seeing The Girl You Like In Underwear Is Lewd, Isn't It?","Aug 22,20",22,https://manganelo.com/manga/jl923238,"Comedy,Shoujo ai,Slice of life,Yuri",Ongoing,4.45
Sweetheart Must Love Mesweetheart Must Love Me,Chapter 52,"Aug 22,20",22,https://manganelo.com/manga/iv921766,"Action,Comedy,Fantasy,Martial arts,Mystery,Webtoons",Ongoing,4.64
Eating Crab With A Yukionna,Chapter 94,"Aug 22,20",22,https://manganelo.com/manga/sy922168,"Drama,Romance,Webtoons",Ongoing,3.5
Glotoneria,Chapter 56,"Aug 22,20",22,https://manganelo.com/manga/at918420,"Adult,Adventure,Ecchi,Mature,Psychological,Seinen,Smut",Ongoing,4.51
Legal X Love,Chapter 5,"Aug 22,20",22,https://manganelo.com/manga/glotoneria,"Fantasy,Historical,Horror,Romance",Ongoing,4.63
Oddeye,Chapter 4.2: Omake,"Aug 22,20",22,https://manganelo.com/manga/ru923416,"Josei,Romance,Slice of life",Ongoing,4.67
The Reborn,Chapter 23,"Aug 22,20",22,https://manganelo.com/manga/pw923232,"Drama,Horror,Mystery,Supernatural,Tragedy,Webtoons",Ongoing,3.96
The God Of â€œGame Of Godâ€,Chapter 12,"Aug 22,20",22,https://manganelo.com/manga/xr923317,"Action,Adventure,Fantasy,Mystery,Supernatural,Tragedy,Webtoons",Ongoing,4.49
Villainess's Survival Diary,Chapter 21,"Aug 22,20",22,https://manganelo.com/manga/os923347,"Ecchi,Harem,Mystery,Supernatural,Webtoons",Ongoing,4.47
Gunbured Igx Sisters8,Chapter 16,"Aug 22,20",22,https://manganelo.com/manga/on923021,"Drama,Fantasy,Romance,Supernatural,Webtoons",Ongoing,4.68
She Gets Girls Every Day.,Vol.1 Chapter 5: Don't Call Me By That Name,"Aug 22,20",22,https://manganelo.com/manga/nn923497,"Action,Drama,Mystery,Yuri",Ongoing,4.44
Tsun-Ama Na Kareshi,Vol.2 Chapter 12.5: Momoko Plays House,"Aug 22,20",22,https://manganelo.com/manga/cy922322,"Comedy,Shoujo ai",Ongoing,4.45
How To Raise A Demon Kingâ€™S Child,Chapter 42: Memories As It Is,"Aug 22,20",22,https://manganelo.com/manga/ab918307,"Comedy,Romance,Shoujo,Slice of life",Ongoing,4.78
Matchless Emperor,Chapter 1,"Aug 22,20",22,https://manganelo.com/manga/eg923852,"Comedy,Fantasy,Romance",Ongoing,4.8
The Peerless Doctor: From Consort To Empress,Chapter 53,"Aug 22,20",22,https://manganelo.com/manga/hq921688,"Action,Fantasy,Martial arts,Webtoons",Ongoing,4.65
"Mysteries, Maidens, And Mysterious Disappearances",Chapter 6,"Aug 22,20",23,https://manganelo.com/manga/kk923478,"Historical,Romance,Webtoons",Ongoing,4.49
Ako To Bambi,Chapter 6: Sixth Mystery: Interlude,"Aug 22,20",23,https://manganelo.com/manga/la921238,"Ecchi,Mystery,Seinen,Supernatural",Ongoing,4.74
Yukan Club,Chapter 22: Health And Wellbeing,"Aug 22,20",23,https://manganelo.com/manga/cp923451,"Mystery,Slice of life",Ongoing,4.79
Medical Return,Chapter 23.5,"Aug 22,20",23,https://manganelo.com/manga/yukan_club,"Comedy,Mystery,School life,Shoujo",Ongoing,4.24
The Story Of The Hated Mule,Chapter 79,"Aug 22,20",23,https://manganelo.com/manga/ir920623,"Action,Comedy,Fantasy,Webtoons",Ongoing,4.83
The Hero Who Returned Remains The Strongest In The Modern World,Chapter 2,"Aug 22,20",23,https://manganelo.com/manga/kz923599,"Fantasy,Romance",Ongoing,4.62
Delivery Cinderella,Chapter 11.1,"Aug 22,20",23,https://manganelo.com/manga/do918903,"Adventure,Fantasy,Harem,Shounen",Ongoing,4.49
Modern Mogal,Chapter 25: Michiru's Campus Life,"Aug 22,20",23,https://manganelo.com/manga/delivery_cinderella,"Adult,Drama,Romance,School life,Seinen",Ongoing,4.06
Here U Are,Chapter 123: Indispensable,"Aug 22,20",23,https://manganelo.com/manga/er918171,"Comedy,Fantasy,Slice of life",Ongoing,4.72
Cute Wife At Home: Never Marry A Crafty Husband,Vol.1 Chapter 133,"Aug 22,20",23,https://manganelo.com/manga/kcwy275231567048798,"Drama,Romance,School life,Shounen ai,Slice of life,Webtoons,Yaoi",Ongoing,4.6
Bai Ze's Bizarre Collection,Chapter 36,"Aug 22,20",23,https://manganelo.com/manga/im922382,"Action,Romance,Webtoons",Ongoing,4.53
"Truthfully, They Only Remembered Her",Chapter 64,"Aug 22,20",23,https://manganelo.com/manga/bai_zes_bizarre_collection,"Comedy,Fantasy,Romance,Shounen,Manhua",,4.34
The Eyes Of Sora,Chapter 10,"Aug 22,20",23,https://manganelo.com/manga/hq923675,"Action,Adventure,Drama,Fantasy,Historical,Romance",Ongoing,4.74
Micah,Chapter 85: A Desired Life 1,"Aug 22,20",23,https://manganelo.com/manga/ia919396,"Drama,Fantasy,Shounen ai,Supernatural",Completed,4.32
Name,Chapter 63,"Aug 22,20",23,https://manganelo.com/manga/micah,"Action,Fantasy,Martial arts,Shounen,Manhua",Ongoing,2.34
Ayakashiko,Chapter 1: Drunk Driving Accident In Adachi,"Aug 28,20",2,https://manganelo.com/manga/ol923921,Comedy,Ongoing,4.38
Ningen Ni Koi Shita Oni Wa Warau,Chapter 61,"Aug 28,20",2,https://manganelo.com/manga/ayakashiko,Seinen,Ongoing,4.84
Minecraft Waifu,Chapter 6.1: Vol.1 Extras,"Aug 28,20",2,https://manganelo.com/manga/ningen_ni_koi_shita_oni_wa_warau,"Drama,Fantasy,Historical,Romance,Shoujo,Supernatural",Ongoing,4.57
Evil Knight,Chapter 7: Endergirl & The End,"Aug 28,20",2,https://manganelo.com/manga/na923756,Comedy,Ongoing,4.7
This Italian Girl Has Become Such A Freeloader,Chapter 16,"Aug 28,20",2,https://manganelo.com/manga/id923424,"Action,Adventure,Drama,Fantasy,Romance",Ongoing,4.44
My Stepmom's Daughter Was My Ex-Girlfriend,Chapter 16,"Aug 28,20",2,https://manganelo.com/manga/fb923311,"Comedy,Shounen,Slice of life",Ongoing,4.72
I'm The Great Immortal,Chapter 8.2,"Aug 28,20",2,https://manganelo.com/manga/oe920828,"Comedy,Romance,School life,Shounen",Ongoing,4.77
Veteran Shougakusei Takashi,Chapter 197,"Aug 28,20",2,https://manganelo.com/manga/jf921342,"Action,Harem,Martial arts,Shounen,Webtoons,Isekai",Ongoing,4.67
Onsaemiro,Chapter 134: Her Holiday,"Aug 28,20",2,https://manganelo.com/manga/veteran_shougakusei_takashi,,Updating,4.51
The Young Lady I Served Became A Young Master,Chapter 13,"Aug 28,20",2,https://manganelo.com/manga/ky922852,"Historical,Romance",Ongoing,4.51
Satsujin Purgatorium,Chapter 6,"Aug 28,20",2,https://manganelo.com/manga/fw923501,"Romance,Webtoons",Ongoing,4.76
Autumn Wind And Rain,Chapter 3,"Aug 28,20",2,https://manganelo.com/manga/bm923763,"Action,Drama,School life,Seinen,Supernatural",Ongoing,4.68
Daiya No A - Act Ii,Chapter 31,"Aug 28,20",2,https://manganelo.com/manga/lw923325,"Romance,School life,Slice of life,Webtoons",Ongoing,4.56
Metropolitan System,Chapter 223: The Choice Of The Team,"Aug 28,20",2,https://manganelo.com/manga/daiya_no_a_act_ii,"Comedy,School life,Shounen,Sports",,4.8
Jiken Jaken!,Chapter 329: Metropolitan System Chapter 329,"Aug 28,20",2,https://manganelo.com/manga/cd919002,"Action,Adventure,Comedy,Harem,Martial arts,Supernatural",Ongoing,4.52
Miss Time,Vol.7 Chapter 82: Trial!,"Aug 28,20",2,https://manganelo.com/manga/jiken_jaken,"Comedy,Ecchi,Mystery,Romance,School life,Seinen,Slice of life",Ongoing,4.4
The Galactic Navy Officer Becomes An Adventurer,Chapter 6.1,"Aug 28,20",2,https://manganelo.com/manga/gm923307,"Drama,Romance,School life,Slice of life,Webtoons",Ongoing,4.72
Creepy Cat,Vol.3 Chapter 18: Battle Plan,"Aug 28,20",2,https://manganelo.com/manga/yc922798,"Action,Adventure,Fantasy,Harem,Sci fi",Ongoing,4.79
Martial Master,Chapter 219: Lion,"Aug 28,20",2,https://manganelo.com/manga/md919947,"Comedy,Fantasy,Horror",Ongoing,4.66
Monster Bar,Chapter 363: Broken Arm,"Aug 28,20",2,https://manganelo.com/manga/mq918999,"Action,Fantasy",Ongoing,4.51
Gradual Love,Chapter 42: A Parent's Love 6,"Aug 28,20",2,https://manganelo.com/manga/ef923362,"Action,Adventure,Fantasy,Slice of life,Supernatural,Webtoons",Ongoing,4.45
L.o.r.d: Legend Of Ravaging Dynasties,Chapter 4,"Aug 28,20",2,https://manganelo.com/manga/db923633,"Comedy,Drama,Romance,Slice of life",Ongoing,4.29
Rebirth Of The Urban Immortal Cultivator,Chapter 39.5,"Aug 28,20",2,https://manganelo.com/manga/ua919267,"Action,Adventure,Comedy,Fantasy,Shounen,Supernatural",Ongoing,3.83
Mahoutsukai No Musume,Chapter 459,"Aug 28,20",2,https://manganelo.com/manga/gd920457,"Action,Adventure,Fantasy,Martial arts,Seinen,Slice of life,Supernatural",Ongoing,4.35
Moon And No Make-Up,Chapter 31.1,"Aug 28,20",3,https://manganelo.com/manga/uc920749,"Mystery,Shoujo,Supernatural",Ongoing,4
Phantom Paradise,Chapter 26,"Aug 28,20",3,https://manganelo.com/manga/pt921240,"Adult,Romance,Shoujo ai,Slice of life,Yuri",Ongoing,4.45
The Story Of A Yakuza Boss Reborn As A Little Girl,Chapter 105,"Aug 28,20",3,https://manganelo.com/manga/phantom_paradise,"Fantasy,Webtoons",Ongoing,2.29
The Gamer,Chapter 16,"Aug 28,20",3,https://manganelo.com/manga/gy918591,"Action,Comedy,Drama,School life,Supernatural",Ongoing,4.62
For Your Love,Chapter 342: [Season 4] Ep. 147,"Aug 28,20",3,https://manganelo.com/manga/read_the_gamer_manga_online_free,"Action,Adventure,Comedy,School life,Shounen,Supernatural,Webtoons,Manhwa",Ongoing,4.63
Hardcore Leveling Warrior,Vol.1.5 Chapter 85.5: For Our Love Chapter 30.5,"Aug 28,20",3,https://manganelo.com/manga/cvtg275141566698443,"Romance,School life,Shounen,Shounen ai",Ongoing,4.54
Sunoharasou No Kanrinin-San,Chapter 239: [Season 2] Ep. 56,"Aug 28,20",3,https://manganelo.com/manga/wdaq187991567387650,Webtoons,Ongoing,4.52
Eden's Zero,Vol.4 Chapter 47,"Aug 28,20",3,https://manganelo.com/manga/sunoharasou_no_kanrininsan,"Comedy,Ecchi,Harem,Romance,Seinen",Ongoing,4.56
Meng Shi Zai Shang,Chapter 107: The Planet Where Stars Fall,"Aug 28,20",3,https://manganelo.com/manga/jp917635,"Action,Adventure,Fantasy,Martial arts,Shounen",Ongoing,4.5
Ao Ashi,Chapter 176: Master Is Mine Alone!,"Aug 28,20",3,https://manganelo.com/manga/bw918450,"Action,Comedy,Fantasy,Martial arts,Romance",Ongoing,4.73
Godâ€™S Eye Appraiser,Vol.11 Chapter 105: If It Weren't For These Two,"Aug 28,20",3,https://manganelo.com/manga/pt917865,"School life,Seinen,Sports",Ongoing,4.57
She Was A Little Older Than He,Chapter 17,"Aug 28,20",3,https://manganelo.com/manga/eu923233,"Action,Adventure,Fantasy,Martial arts,Romance,Supernatural,Webtoons",Ongoing,4.22
Staring At You,Vol.3 Chapter 11: Heartbreak Massage,"Aug 28,20",3,https://manganelo.com/manga/qh919946,"Comedy,Drama,Ecchi,Romance,School life,Seinen",Ongoing,4.75
A Strange World,Chapter 2,"Aug 28,20",3,https://manganelo.com/manga/ch923790,"Comedy,Mystery,Romance,Shounen ai",Ongoing,4.31
My Ex-Boyfriends Fell In Love With Me,Chapter 8,"Aug 28,20",3,https://manganelo.com/manga/bx923768,"Action,Adventure,Mystery",Ongoing,4.23
Seikimatsu Leader Den Takeshi!,Chapter 10,"Aug 28,20",3,https://manganelo.com/manga/gx923345,"Drama,Romance,Webtoons",Ongoing,4.31
Survival Story Of A Sword King In A Fantasy World,Vol.3 Chapter 45: A Nice Play...!!,"Aug 28,20",3,https://manganelo.com/manga/seikimatsu_leader_den_takeshi,"Comedy,Shounen",Ongoing,2.28
"The Heart Will Break, But Broken Live On",Chapter 54,"Aug 28,20",3,https://manganelo.com/manga/ra921707,"Action,Adventure,Comedy,Fantasy,Martial arts,Tragedy,Webtoons,Isekai",Ongoing,4.76
An Imperfect Kiss,Chapter 27,"Aug 28,20",3,https://manganelo.com/manga/the_heart_will_break_but_broken_live_on,"Fantasy,Historical,Romance,Webtoons",Ongoing,3.79
Fukushuu Kansuisha No Jinsei Nishuume Isekaitan,Chapter 25,"Aug 28,20",3,https://manganelo.com/manga/dm922528,"Action,Fantasy,Romance,School life",Ongoing,4.44
The Journey,"Chapter 13: Hero, Return","Aug 28,20",3,https://manganelo.com/manga/dl918789,"Action,Adventure,Fantasy,Seinen",Ongoing,4.59
The Epic Revenge,Chapter 188,"Aug 28,20",3,https://manganelo.com/manga/uc922199,Romance,Ongoing,4.34
Haomen Qifu De Chuntian,Chapter 281,"Aug 28,20",3,https://manganelo.com/manga/ow917725,"Adult,Drama,Historical,Josei,Romance,Smut",Ongoing,4.38
Tokyo Love Story,Chapter 256,"Aug 28,20",3,https://manganelo.com/manga/haomen_qifu_de_chuntian,"Drama,Josei,Romance,Webtoons",Ongoing,4.02
Koushiki Comic Anthology - Toaru Kagaku No Railgun Featuring Toaru Majutsu No Index,Chapter 46: Beyond Time [End],"Aug 28,20",4,https://manganelo.com/manga/nt917948,"Adult,Drama,Mature,Romance,Seinen,Slice of life",Ongoing,4.27
Tomb Raider King,Vol.1 Chapter 2: A Certain 177Th Branch's Teatime,"Aug 28,20",4,https://manganelo.com/manga/mh920628,"Comedy,Ecchi,Harem,School life,Sci fi,Shounen,Supernatural",Ongoing,4
Narikawari,Chapter 144,"Aug 28,20",4,https://manganelo.com/manga/eg919734,"Action,Adventure,Webtoons",Ongoing,4.79
Princess Michiru Is In Love!,Chapter 19: Possession Murderers,"Aug 28,20",4,https://manganelo.com/manga/pr922738,"Drama,Ecchi,Mystery,School life,Shounen,Supernatural",Ongoing,4.3
Martial Peak,Chapter 20: Lesson 20,"Aug 28,20",4,https://manganelo.com/manga/ms917641,"Comedy,Romance,School life,Shounen",Ongoing,4.38
The Chief Kishi Mieko,Chapter 654: Numerous Doubts!,"Aug 28,20",4,https://manganelo.com/manga/martial_peak,"Action,Adventure,Fantasy,Historical,Martial arts",Ongoing,4.69
Cyclops Shoujo Saipu~,Chapter 20: [Task20] Mieko The Insight,"Aug 28,20",4,https://manganelo.com/manga/gu920271,"Comedy,Ecchi,Slice of life,Smut",Ongoing,3.18
Peter Grill To Kenja No Jikan,Chapter 99: The Cuteness Of Height,"Aug 28,20",4,https://manganelo.com/manga/cyclops_shoujo_saipu,"Comedy,Ecchi,Romance,School life,Seinen,Slice of life",Ongoing,4.57
"I'm Not The Saint, So I'll Just Leisurely Make Food At The Royal Palace",Chapter 25,"Aug 28,20",4,https://manganelo.com/manga/peter_grill_to_kenja_no_jikan,"Comedy,Ecchi,Fantasy,Harem,Mature,Seinen",Ongoing,4.44
"Hey Miss, Don't You Know?",Chapter 1.1,"Aug 28,20",4,https://manganelo.com/manga/sh923917,"Cooking,Fantasy,Romance,Shoujo",Ongoing,4.76
Ichigo No Haitta Soda-Sui,Chapter 1,"Aug 28,20",4,https://manganelo.com/manga/nn923918,"Comedy,Drama,Romance,Shoujo,Slice of life",Ongoing,4.62
Guilty Children,Chapter 4,"Aug 28,20",4,https://manganelo.com/manga/ichigo_no_haitta_sodasui,"Comedy,School life,Shoujo ai,Slice of life",Ongoing,4.17
Black Dragon Romance,Chapter 5: Battle City - (Arayashiki) 1,"Aug 28,20",4,https://manganelo.com/manga/of922323,"Drama,Mecha,Sci fi",Ongoing,4.58
Detective Conan,Chapter 7,"Aug 28,20",4,https://manganelo.com/manga/nt923915,"Comedy,Drama,Josei,Slice of life,Tragedy,Webtoons",,4.57
Cinderella Wa Sagasanai.,Chapter 1060: The Show Is About To Begin,"Aug 28,20",4,https://manganelo.com/manga/read_detective_conan_manga_online_free,"Adventure,Comedy,Drama,Mystery,Romance,School life,Shounen",Ongoing,4.53
Bloody Sweet,Chapter 7: No Searching,"Aug 28,20",4,https://manganelo.com/manga/zr923199,"Comedy,Drama,Romance,Shounen",Ongoing,4.83
Rokudenashi Blues,Chapter 61,"Aug 28,20",4,https://manganelo.com/manga/cw923914,"Action,Romance",Ongoing,4.28
Shimeji Simulation,Chapter 272: Give â€˜Em Enough Rope,"Aug 28,20",4,https://manganelo.com/manga/rokudenashi_blues,"Action,Comedy,Drama,School life,Shounen,Sports",Ongoing,4.5
Busted! Darklord,Chapter 18.5,"Aug 28,20",4,https://manganelo.com/manga/oj918337,"Comedy,Romance,School life,Sci fi,Slice of life,Yuri",Ongoing,4.55
A Witch's Hopeless Wish,Chapter 37: Martial Arts Master ÅŒu YÃ¡ngdÃ¬,"Aug 28,20",4,https://manganelo.com/manga/fc923683,"Adult,Cooking,Ecchi,Fantasy,Romance",Ongoing,4.26
Giri-Giri Saegiru Katagirisan,Chapter 60,"Aug 28,20",4,https://manganelo.com/manga/ch920925,"Drama,Historical,Josei,Mystery,Romance,Shoujo,Webtoons",Ongoing,4.76
Human Ranch,Chapter 23,"Aug 28,20",4,https://manganelo.com/manga/fd923489,"Comedy,Drama,Romance,Slice of life",Ongoing,4.65
Shitsuji-Sama No Okiniiri,Chapter 9: With Resolve,"Aug 28,20",4,https://manganelo.com/manga/no923432,"Drama,Fantasy,Horror,School life,Seinen,Supernatural",Ongoing,3.24
Martial Arts Reigns,Vol.12 Chapter 46,"Aug 27,20",5,https://manganelo.com/manga/shitsujisama_no_okiniiri,"Comedy,Romance,School life,Shoujo",Ongoing,4.7
Gamurakan,Chapter 187,"Aug 27,20",5,https://manganelo.com/manga/aq920543,"Action,Fantasy,Webtoons",Ongoing,4.65
Gatabutata,Vol.2 Chapter 20: Arpeggio,"Aug 27,20",5,https://manganelo.com/manga/vd921149,"Adult,Horror,Mature,Mystery,Seinen,Supernatural",Ongoing,3.44
Hantsu X Trash,Chapter 35,"Aug 27,20",5,https://manganelo.com/manga/tt922150,"Drama,Romance,Slice of life",Ongoing,4.73
Maid-San Wa Taberu Dake,Chapter 182: Won't You Head Home Together With Me?,"Aug 28,20",4,https://manganelo.com/manga/hantsu_x_trash,"Comedy,Drama,Ecchi,Harem,Romance,School life,Seinen,Smut,Sports",Ongoing,4.27
Aoiro Ping Pong,Chapter 6,"Aug 27,20",5,https://manganelo.com/manga/mb923737,"Comedy,Cooking,Seinen,Slice of life",Ongoing,4.74
Shitsuji-Tachi No Chinmoku (Sakurada Hina),Chapter 12: Muscle And Rotation,"Aug 27,20",5,https://manganelo.com/manga/zc922817,"School life,Shounen,Sports",Ongoing,4.53
Collectors,Vol.6 Chapter 19,"Aug 27,20",5,https://manganelo.com/manga/shitsujitachi_no_chinmoku_sakurada_hina,"Comedy,Romance,Shoujo",Ongoing,4.63
The Rhodes Island Experiences,Chapter 18.1,"Aug 27,20",5,https://manganelo.com/manga/collectors,"Comedy,Josei,Shoujo ai",Ongoing,3.67
Tang Yin In Another Realm Ii: The Rise Of Feng Nation,Chapter 168.5,"Aug 27,20",5,https://manganelo.com/manga/xk923531,"Comedy,Slice of life",Ongoing,4.19
Guilty Crown,Chapter 6,"Aug 27,20",5,https://manganelo.com/manga/yq923705,"Action,Fantasy",Ongoing,4.23
Ms. Rinna's Lovesickness!,Vol.2 Chapter 7: Regret - Astray,"Aug 27,20",5,https://manganelo.com/manga/guilty_crown,"Action,Adventure,Mecha,Psychological,Romance,Sci fi,Shounen,Supernatural,Tragedy",Ongoing,4.55
Rengoku Ni Warau,Chapter 11: Only This Method Left,"Aug 27,20",5,https://manganelo.com/manga/jt921160,"Comedy,Historical,Romance,Shounen",Ongoing,4.61
"Hug Me, Bossy Ceo","Vol.11 Chapter 60: Tanuki, The Witness Beneath The Cloudy Sky","Aug 27,20",5,https://manganelo.com/manga/rengoku_ni_warau,"Historical,Shoujo",Ongoing,4.45
Prince Of Daxia,Chapter 101,"Aug 27,20",5,https://manganelo.com/manga/jj923266,"Romance,Webtoons",Ongoing,3.43
Goddess Personal Coach,Chapter 1,"Aug 27,20",5,https://manganelo.com/manga/lt923699,"Action,Adventure,Fantasy",Ongoing,3.71
Fushigi Neko No Kyuu-Chan,Chapter 6,"Aug 27,20",5,https://manganelo.com/manga/ik923851,"Action,Comedy,Harem,Romance",Ongoing,4.46
Steel Fist Attack,Vol.7 Chapter 739: The Day Before,"Aug 27,20",5,https://manganelo.com/manga/fushigi_neko_no_kyuuchan,Seinen,Ongoing,4.69
Zhanding,Chapter 1,"Aug 27,20",5,https://manganelo.com/manga/dp923698,"Action,Adventure",Ongoing,4.47
Hundred Years Game,Chapter 1,"Aug 27,20",5,https://manganelo.com/manga/ne923693,"Adventure,Fantasy",Ongoing,4.3
Bunny And Her Boys,Chapter 2,"Aug 27,20",5,https://manganelo.com/manga/uv923854,"Action,Fantasy",Ongoing,4.43
Yuan Zun,Chapter 32,"Aug 27,20",5,https://manganelo.com/manga/ii923193,"Comedy,Drama,Romance,School life,Slice of life,Webtoons",Ongoing,4.71
"The Gods, Comes And Go",Chapter 153.5,"Aug 27,20",5,https://manganelo.com/manga/yuan_zun,"Action,Fantasy,Martial arts,Shounen",Ongoing,4.7
Princess Is A Bloodthirsty Surgeon,Chapter 12,"Aug 27,20",5,https://manganelo.com/manga/gw923015,"Action,Adventure,Cooking,Martial arts,Supernatural",Ongoing,4.31
Golden Time,Chapter 13,"Aug 27,20",5,https://manganelo.com/manga/rl923875,"Romance,Webtoons",Ongoing,4.52
The Vengeful White Cat Lounging On The Dragon King's Lap,Chapter 11,"Aug 27,20",6,https://manganelo.com/manga/tp921640,"Drama,Historical,Romance,Tragedy,Webtoons",Ongoing,4.81
Parallel Paradise,Chapter 18.2,"Aug 27,20",6,https://manganelo.com/manga/mf919129,"Adventure,Comedy,Drama,Fantasy,Romance,Shoujo,Slice of life",Ongoing,4.84
Pupillary Master,Vol.11 Chapter 109: Silver Armor / Iron Curse,"Aug 27,20",6,https://manganelo.com/manga/parallel_paradise,"Action,Adventure,Ecchi,Fantasy,Seinen",Ongoing,4.49
My Wife Is A Fox Spirit,Chapter 80.5,"Aug 27,20",6,https://manganelo.com/manga/pi922395,"Fantasy,Historical,Romance,Supernatural,Webtoons",Ongoing,4.74
29-Sai Dokushin Chuuken Boukensha No Nichijou,Chapter 101: Royal Gramma -,"Aug 27,20",6,https://manganelo.com/manga/sp921983,"Comedy,Romance",Ongoing,4.32
The Twins' Circumstances,Vol.5 Chapter 26: Through The Storm,"Aug 27,20",6,https://manganelo.com/manga/29sai_dokushin_chuuken_boukensha_no_nichijou,"Adventure,Fantasy,Shounen",Ongoing - Ongoing,4.65
Akebi-Chan No Sailor Fuku,Chapter 8: Friend,"Aug 27,20",6,https://manganelo.com/manga/tn922849,"Comedy,Romance,Slice of life",Ongoing,4.72
Infinite Apostles And Twelve War Girls,Vol.6 Chapter 34: Everything I Would Like To Do,"Aug 27,20",6,https://manganelo.com/manga/akebichan_no_sailor_fuku,"Comedy,Ecchi,School life,Seinen",Ongoing,4.58
Sword Sheath's Child,Chapter 41,"Aug 27,20",6,https://manganelo.com/manga/ld922127,"Action,Adventure,Fantasy",Ongoing,4.63
The Rise Of The Unemployed Wise Man,Chapter 32,"Aug 27,20",6,https://manganelo.com/manga/nn922116,"Action,Webtoons",Ongoing,4.69
Sorcerer Maiden,Chapter 10,"Aug 27,20",6,https://manganelo.com/manga/ur923338,"Action,Adventure,Comedy,Fantasy",Ongoing,4.69
"Isekai De Cheat Skill Wo Te Ni Shita Ore Wa, Genjitsu Sekai Wo Mo Musou Suru ~Level Up Wa Jinsei Wo Kaeta~",Chapter 35: Feelings,"Aug 27,20",6,https://manganelo.com/manga/sorcerer_maiden,"Drama,Fantasy,Historical,Romance,Shoujo,Shounen,Manhua",Ongoing,4.4
"Kumo Desu Ga, Nani Ka?",Chapter 6: Ousai Academy,"Aug 27,20",6,https://manganelo.com/manga/sd921752,"Action,Adventure,Fantasy",Ongoing,4.81
29-Sai Hitorimi Chuuken Boukensha No Nichijou,Chapter 46.1,"Aug 27,20",6,https://manganelo.com/manga/kumo_desu_ga_nani_ka,"Action,Adventure,Comedy,Drama,Fantasy,Seinen,Supernatural",Ongoing,4.82
"Ingrid, The White Deer",Chapter 26: Through The Storm,"Aug 27,20",6,https://manganelo.com/manga/29sai_hitorimi_chuuken_boukensha_no_nichijou,"Adventure,Fantasy,Shounen",Ongoing,4.8
The Detective Of Muiella,Chapter 34,"Aug 27,20",6,https://manganelo.com/manga/qk922463,"Fantasy,Historical,Josei,Romance,Webtoons",Ongoing,4.37
Changan Fantasy,Chapter 89,"Aug 27,20",6,https://manganelo.com/manga/cz921069,"Fantasy,Mystery,Romance,Manhwa",Ongoing,4.73
I'm Not The Overlord!,Chapter 14,"Aug 27,20",6,https://manganelo.com/manga/ul923228,"Action,Comedy,Fantasy",Ongoing,4.34
Elskar,Chapter 26,"Aug 27,20",6,https://manganelo.com/manga/ix923063,"Action,Adventure,Comedy,Fantasy",,4.22
Mejaz - Regulus In The World,Chapter 19,"Aug 27,20",6,https://manganelo.com/manga/vo921524,"Fantasy,Romance,Shoujo,Supernatural,Webtoons",Ongoing,4.68
"Kumo Desu Ga, Nani Ka? Daily Life Of The Four Spider Sisters",Chapter 30.3: Leaving Home,"Aug 27,20",6,https://manganelo.com/manga/sg919376,"Fantasy,Historical,Romance,Shoujo",Ongoing,4.64
Urgent Request: How To Raise An Abandoned Dragon,Chapter 47,"Aug 27,20",6,https://manganelo.com/manga/rk919948,"Action,Adventure,Comedy,Drama,Fantasy,Seinen,Slice of life,Isekai",Ongoing,4.38
When Night Falls,Chapter 5,"Aug 27,20",6,https://manganelo.com/manga/pl921122,"Fantasy,Romance,Shounen,Slice of life",Ongoing,4.85
Jungle Guu,Vol.4 Chapter 26: Goodbye,"Aug 27,20",7,https://manganelo.com/manga/when_night_falls,"Action,Drama,Horror,Mystery,Psychological,Shounen,Supernatural,Tragedy",Ongoing,4.75
Douluo Dalu Ii - Jueshui Tangmen,Chapter 80,"Aug 27,20",7,https://manganelo.com/manga/jungle_guu,"Comedy,Shounen",Ongoing,4.67
Ani No Yome To Kurashite Imasu.,Chapter 223,"Aug 27,20",6,https://manganelo.com/manga/douluo_dalu_ii_jueshui_tangmen,"Action,Fantasy,Martial arts,Shounen,Supernatural,Manhua",Ongoing,4.76
Karubania Monogatari,Vol.9 Chapter 83: Diary 83,"Aug 27,20",7,https://manganelo.com/manga/ani_no_yome_to_kurashite_imasu,"Comedy,Drama,Seinen,Slice of life",Ongoing,4.58
Stalker X Stalker,Chapter 40.2,"Aug 27,20",7,https://manganelo.com/manga/ay919130,"Comedy,Drama,Romance,Shoujo,Slice of life",Ongoing,4.47
Yamada's Life As A Lazy Youtuber,Chapter 60: Champagne & Assassinations,"Aug 27,20",7,https://manganelo.com/manga/sy918224,"Comedy,Romance",Ongoing,4.71
"Meow! Please Help, Manager!",Chapter 100.8: The Truth Of The Matter,"Aug 27,20",7,https://manganelo.com/manga/yamadas_life_as_a_lazy_youtuber,Comedy,Ongoing,3.41
Idol To Otaku No Risou No Kankei,Chapter 11,"Aug 27,20",7,https://manganelo.com/manga/dz922497,"Comedy,Fantasy,Romance,Slice of life,Webtoons",Ongoing,4.7
My Incomplete First Love,Vol.12 Chapter 70,"Aug 27,20",7,https://manganelo.com/manga/ob923061,"Comedy,Drama,Psychological,Romance",Ongoing,4.27
President Daddy Is Chasing You,Chapter 16: Confrontation,"Aug 27,20",7,https://manganelo.com/manga/fs922195,"Comedy,Drama,Fantasy,Romance,Slice of life",Ongoing,4.2
The Evil Lady's Hero,Chapter 49,"Aug 27,20",7,https://manganelo.com/manga/vv923299,"Drama,Romance,Slice of life,Webtoons",Ongoing,3.87
"His 10,000 Romantic Traps",Chapter 26,"Aug 27,20",7,https://manganelo.com/manga/tv921685,"Ecchi,Romance,Webtoons",Ongoing,4.83
The Heiress Vs Young Ruffian,Chapter 81,"Aug 27,20",7,https://manganelo.com/manga/rx922619,"Drama,Romance,Shoujo,Manhua",Ongoing,4.03
Marry To Find Love,Chapter 268,"Aug 27,20",7,https://manganelo.com/manga/pe921356,"Comedy,Romance,School life,Webtoons,Manhua",Ongoing,4.31
Kingdom Of The Queen,Chapter 77,"Aug 27,20",7,https://manganelo.com/manga/se922900,"Romance,Manhua",Ongoing,3.65
Spicy Wife's Reborn World,Chapter 57,"Aug 27,20",7,https://manganelo.com/manga/tk921959,"Drama,Fantasy,Historical",Ongoing,4.44
"Flirty Boss, No!",Chapter 51,"Aug 27,20",7,https://manganelo.com/manga/spicy_wifes_reborn_world,"Drama,Romance,Webtoons",Ongoing,4.51
The Dukeâ€™S Servant,Chapter 101,"Aug 27,20",7,https://manganelo.com/manga/fd922107,"Romance,Webtoons",Ongoing,4.2
Iris - Lady With A Smartphone,Chapter 93,"Aug 27,20",7,https://manganelo.com/manga/xo923559,"Comedy,Fantasy,Gender bender,Historical,Josei,Romance,Webtoons",Ongoing,4.5
The Child Of Light,Chapter 83,"Aug 27,20",7,https://manganelo.com/manga/bq919100,"Romance,Shoujo",Ongoing,4.75
They Say I Was Born A King's Daughter,Chapter 30,"Aug 27,20",7,https://manganelo.com/manga/jn919411,"Action,Adventure,Comedy,Drama,Fantasy,Martial arts,Shounen,Webtoons",Ongoing,4.7
The Naive Mr. Lu,Chapter 201,"Aug 27,20",7,https://manganelo.com/manga/cs917942,"Comedy,Drama,Fantasy,Josei,Romance,Shoujo,Webtoons",Ongoing,4.61
Anima Yell!,Chapter 156,"Aug 27,20",7,https://manganelo.com/manga/yq921739,"Drama,Romance",Ongoing,4.68
As Long As You Like It,Vol.2 Chapter 21,"Aug 27,20",8,https://manganelo.com/manga/anima_yell,"Comedy,School life,Seinen,Slice of life,Sports",Ongoing,4.08
"Yoko-San, Sugari Yoru.",Chapter 56,"Aug 27,20",8,https://manganelo.com/manga/bh918802,"Fantasy,Romance,Shoujo",Ongoing,4.8
Souboutei Kowasu Beshi,Vol.1 Chapter 15: The Battle Between Youko-San And The Earphone,"Aug 27,20",8,https://manganelo.com/manga/iu918690,"Comedy,School life,Slice of life",Ongoing,4.81
Midnight Occult Civil Servants,Vol.21 Chapter 206: Aim For The Ceiling,"Aug 27,20",8,https://manganelo.com/manga/souboutei_kowasu_beshi,"Action,Adventure,Horror,Shounen,Supernatural",Ongoing,4.34
It's Maka! Not Baka!!!,Chapter 7,"Aug 27,20",8,https://manganelo.com/manga/pd923470,"Fantasy,Mystery,Shoujo,Supernatural",Ongoing,4.59
Super Keyboard Man,Vol.3 Chapter 26: 26,"Aug 27,20",8,https://manganelo.com/manga/fj922294,"Action,Adventure,Comedy,Drama,Romance,Yuri",Ongoing,1.45
Tedama Ni Toritai Kurokiya-San,Chapter 40,"Aug 27,20",8,https://manganelo.com/manga/ot922892,"Action,Adventure,Fantasy,Harem",Ongoing,4.19